bJkb2vX2ywN2ew2OnZ0xp5xpLxpwxp`xp	xpjx
xlm9.,oF>a&_l[GXm9.,oF>a&_l[NXm9.,o=-WQn!Xc<UM.)6id%n!X<c<UM.)6id%n!X<c	UM.)6id%n!X<c;UM
+KXtcGZU0Wp2]k17;HX1111X1111X1111X1111X1111X
;<I!!!!I!!!!I!!!!I!!!!I!!!!I!!!!I
1Q,f <i$b8G/!u9",f <i$b8G/!uQ",f <iI:9^2nY@z<H0-(A~.2nY+@z<H0-(A~.2nY+@g<H0-(A~.2nY+@r<H
QO%M<j9D@q["S]	4%M<j9D@q["S]}4%M<j9g|1V7c-PCe* kbAG+7c-{P,e* kbAG+7c-{Pie* kbAG+7c-{P:e*
"][{)^yApt9a8	GcwD[GGGG[GGGG[GGGG[GGGG[GGGG[
t]}oooo}oooo}oooo}oooo}oooo}oooo}
$dBwO-b,074ZfT%GBwO-b,074ZfTCGBwO-b(oK4P+L?XmD{g20I_P+L<?<mD{g20I_P+L<?>mD{g20I_P+L<?-mD
yNx<@e2=B0VKwP\ix<@e2=B0VKwPwix<@e2O*BOa&_[HXm9.,oF>a&_N[lXm9.,oF>a&_N[HXm9.,oF>a&_N[ Xm
35M.)6idTwlSn!XcmUMXXXXMXXXXMXXXXMXXXXMXXXXM
+K;X1111X1111X1111X1111X1111X1111X
;^^IVZhQ W%b!<z@EIVZhQ W%b!<z"EIVZhQrYwv8G/uU",f <i$b8G/=uS",f <i$b8G/=uT",f <i$b8G/=u5",
:zsH0-(A~.2nY!@e<H0-(A~.2nY!@s<H0-(A_`*rq["]#4%M<j9D@q["f]&4%M<j9D@q["f]O4%M<j9D@q["f]v4%
l{|* kbAGK4jN7c-P|e*----*----*----*----*----*
"wv[GGGG[GGGG[GGGG[GGGG[GGGG[GGGG[
t3w}*"2K_U.ho<eiO}*"2K_U.ho<e<O}*"2K1N2h74ZTdGBwO-b,074ZCTfGBwO-b,074ZCTdGBwO-b,074ZCT.GB
%<-D{g20I_P+LM?^mD{g20I_P+LM?&mD{g20lyb+0VKPNix<@e2=B0VK	P5ix<@e2=B0VK	P	ix<@e2=B0VK	Pjix
xR^m9.,oF\|1ia&_[HXm____m____m____m____m____m
3B:MXXXXMXXXXMXXXXMXXXXMXXXXMXXXXM
+KzXtcGZUb]k1M7CHXtcGZUb]k1M7|HXtcGZ"=wf%b!zlEIVZhQ W%b!-z^EIVZhQ W%b!-zAEIVZhQ W%b!-zREI
1=!,f <i$b8G/Uu;",f <i$b8G/Uu=",f <iI:9^2nY@z+<H0-(A~.2nY&@+<H0-(A~.2nY&@1<H0-(A~.2nY&@&<H
Q}S%M<j9D`RKpq["]v4%""""%""""%""""%""""%""""%
lCC*----*----*----*----*----*----*
"k![{)^yA-8	G]cXD[{)^yA-8	G]c!D[{)^y:/XR.hoe33O}*"2K_U.howe3O}*"2K_U.howe=O}*"2K_U.howe]O}
$UIBwO-b,074Z.TaGBwO-b,074Z.TUGBwO-b(oK4P+L?<&mD{g20I_P+L-?ZmD{g20I_P+L-?MmD{g20I_P+L-?RmD
ywjx<@e2=71Mk0VKP ixKKKKxKKKKxKKKKxKKKKxKKKKx
xN"m____m____m____m____m____m____m
3m~M.)6id%n!Xfc:UM.)6id%n!XfcyUM.)6iKg	D]k17K|HXtcGZUb]k1N7KHXtcGZUb]k1N7@HXtcGZUb]k1N7NHX
;<@IVZhQ W%b!AzlEIVZhQ W%b!Az<EIVZhQrYwv8G/uSt",f <i$b8G/Tu!",f <i$b8G/Tut",f <i$b8G/TuU",
:seH0-(A~{G c2nY@g<HYYYYHYYYYHYYYYHYYYYHYYYYH
Qf&%""""%""""%""""%""""%""""%""""%
l|{* kbAG+7c-9P~e* kbAG+7c-9P|e* kbA"rST8	Gcw]D[{)^yA-8	G,cwD[{)^yA-8	G,c,D[{)^yA-8	G,cgD[
t<n}oooo}oooo}oooo}oooo}oooo}oooo}
$CCBZZZZBZZZZBZZZZBZZZZBZZZZBZZZZB
%XMDLLLLDLLLLDLLLLDLLLLDLLLLDLLLLD
y`jxKKKKxKKKKxKKKKxKKKKxKKKKxKKKKx
xJ"m9.,oF>a&_Z[GXm9.,oF>a&_Z[NXm9.,o=-WQn!XcBfUM.)6id%n!X:c<UM.)6id%n!X:c	UM.)6id%n!X:c;UM
+|@XtcGZU0Wp2]k17CHX1111X1111X1111X1111X1111X
;"@I!!!!I!!!!I!!!!I!!!!I!!!!I!!!!I
1Q;,f <i$b8G/9u9",f <i$b8G/9uQ",f <iI:9^2nY@zg<H0-(A~.2nYf@z<H0-(A~.2nYf@g<H0-(A~.2nYf@r<H
QO&%M<j9D@q["	]	4%M<j9D@q["	]}4%M<j9g|1V7c-P{~e* kbAG+7c-(P,e* kbAG+7c-(Pie* kbAG+7c-(P:e*
"vw[{)^yApt9a8	GcxD[GGGG[GGGG[GGGG[GGGG[GGGG[
tcn}oooo}oooo}oooo}oooo}oooo}oooo}
$ICBwO-b,074ZaT%GBwO-b,074ZaTCGBwO-b(oK4P+L?<^mD{g20I_P+L^?<mD{g20I_P+L^?>mD{g20I_P+L^?-mD
y		x<@e2=B0VKL5P\ix<@e2=B0VKL5Pwix<@e2O*BOa&_[NlXm9.,oF>a&_Rl[lXm9.,oF>a&_Rl[HXm9.,oF>a&_Rl[ Xm
3	;M.)6idTwlSn!XcB<UMXXXXMXXXXMXXXXMXXXXMXXXXM
+MNX1111X1111X1111X1111X1111X1111X
;-AIVZhQ W%b!^Cz@EIVZhQ W%b!^Cz"EIVZhQrYwv8G/u=S",f <i$b8G/S!uS",f <i$b8G/S!uT",f <i$b8G/S!u5",
:1fH0-(A~.2nYzz@e<H0-(A~.2nYzz@s<H0-(A_`*rq["]}}4%M<j9D@q["SS]&4%M<j9D@q["SS]O4%M<j9D@q["SS]v4%
li(* kbAGK4jN7c-P{{e*----*----*----*----*----*
"]_[GGGG[GGGG[GGGG[GGGG[GGGG[GGGG[
tw3}*"2K_U.ho33eiO}*"2K_U.ho33e<O}*"2K1N2h74ZTUCGBwO-b,074ZffTfGBwO-b,074ZffTdGBwO-b,074ZffT.GB
%R&D{g20I_P+L<&?^mD{g20I_P+L<&?&mD{g20lyb+0VKPw	ix<@e2=B0VKLwP5ix<@e2=B0VKLwP	ix<@e2=B0VKLwPjix
x Jm9.,oF\|1ia&_[RNXm____m____m____m____m____m
3;	MXXXXMXXXXMXXXXMXXXXMXXXXMXXXXM
+BBXtcGZUb]k1Km7CHXtcGZUb]k1Km7|HXtcGZ"=wf%b!z<7EIVZhQ W%b!^<z^EIVZhQ W%b!^<zAEIVZhQ W%b!^<zREI
1U5,f <i$b8G/SQu;",f <i$b8G/SQu=",f <iI:9^2nY@sr<H0-(A~.2nYz!@+<H0-(A~.2nYz!@1<H0-(A~.2nYz!@&<H
Qvi%M<j9D`RKpq["]Sf4%""""%""""%""""%""""%""""%
l:~*----*----*----*----*----*----*
"]x[{)^yA-8	Gw!cXD[{)^yA-8	Gw!c!D[{)^y:/XR.hoen=O}*"2K_U.ho3<e3O}*"2K_U.ho3<e=O}*"2K_U.ho3<e]O}
$.	BZZZZBwO-b-*3J74ZTUGBZZZZBwO-b-*3J74ZT	GBwO-b-*3J74ZTIGBwO-b-*3J74ZTNGB
%-<D{g20IHwqBP+L?<MmDLLLLDLLLLDLLLLDLLLLDLLLLD
y wxKKKKxKKKKxKKKKxKKKKxKKKKxKKKKx
x"Jm9.,o,!C?a&_[ZXm9.,o,!C?a&_[JXm____m9.,o,!C?a&_[RXm9.,o,!C?a&_[^Xm9.,o,!C?a&_["Xm
3f	MXXXXM.)6i6q#0n!XcBBUMXXXXM.)6i6q#0n!Xc5UM.)6i6q#0n!XcByUM.)6i6q#0n!XcB	UM
+NBXtcGZU0Wp2]k17KBHX1111X1111X1111X1111X1111X
;RRI!!!!I!!!!I!!!!I!!!!I!!!!I!!!!I
15T,f <i<gWk8G/uST",f <i<gWk8G/uS=",////,f <i<gWk8G/uS!",f <i<gWk8G/uS5",f <i<gWk8G/uSU",
