vwgxp5xpLxpwxp`xp	xpjxp xp&xpNxp\xpL5xpLLxpLwxpL`xpL	xpLjxpL xpL&xpLNxpL\xpw5xpwLxpwwxpw`xpw	xpwjxpw xpw&xpwNxpw\xp`5xp`Lxp`wxp``x
xlm9.,o3a&_l[^Xm9.,o3a&_l["Xm9.,o3a&_l[HXm9.,o3a&_l[NXm9.,o3a&_l[lXm9.,o3a&_l[NlXm9.,o3a&_l[NNXm9.,o3a&_l[NHXm9.,o3a&_l[N"Xm9.,o3a&_l[N^Xm9.,o3a&_l[H^Xm9.,o3a&_l[H"Xm9.,o3a&_l[HHXm9.,o3a&_l[HNXm9.,o3a&_l[HlXm9.,oFa&_l[lXm9.,oFa&_l[NXm9.,oFa&_l[HXm9.,oFa&_l["Xm9.,oFa&_l[ZXm9.,oFa&_l[GXm9.,oFa&_l[NRXm9.,oFa&_l[NlXm9.,oFa&_l[RZXm9.,oFa&_l[R"Xm9.,oFa&_l[RHXm9.,oFa&_l[RNXm____m____m____m____m____m____m9.,o>a&_l[lXm
3BM.)6i*n!X<c:UM.)6i*n!X<c5UM.)6i*n!X<c;UM.)6i*n!X<cyUM.)6i*n!X<cBUM.)6i*n!X<cmBUM.)6i*n!X<cmyUM.)6i*n!X<cm;UM.)6i*n!X<cm5UM.)6i*n!X<cm:UM.)6i*n!X<c	:UM.)6i*n!X<c	5UM.)6i*n!X<c	;UM.)6i*n!X<c	yUM.)6i*n!X<c	BUM.)6idn!X<cBUM.)6idn!X<cyUM.)6idn!X<c;UM.)6idn!X<c~UM.)6idn!X<cBBUM.)6idn!X<cB<UM.)6idn!X<cmmUM.)6idn!X<cmyUM.)6idn!X<cB5UM.)6idn!X<cB~UM.)6idn!X<cB;UM.)6idn!X<cByUMXXXXMXXXXMXXXXMXXXXMXXXXMXXXXMXXXXM
+mXtcGZx]k1K7@HXtcGZx]k1K7NHXtcGZx]k1K7MHXtcGZx]k1K7mHXtcGZx]k1K7;HXtcGZx]k1K7m;HXtcGZx]k1K7mmHXtcGZx]k1K7mMHXtcGZx]k1K7mNHXtcGZx]k1K7m@HXtcGZx]k1K7M@HXtcGZx]k1K7MNHXtcGZx]k1K7MMHXtcGZx]k1K7MmHXtcGZx]k1K7M;HXtcGZU]k1;7mMHXtcGZU]k1;7mNHXtcGZU]k1;7mCHXtcGZU]k1;7|;HXtcGZU]k1;7|mHXtcGZU]k1;7||HXtcGZU]k1;7MBHXtcGZU]k1;7MMHXtcGZU]k1;7MmHXtcGZU]k1;7M;HXtcGZU]k1;7|CHXtcGZU]k1;7|NHX1111X1111X1111X1111X1111X1111XtcGZb]k1;7KHX
;"IVZhQL%b!^z@EIVZhQL%b!^zlEIVZhQL%b!^z7EIVZhQL%b!^z"EIVZhQL%b!^z^EIVZhQL%b!^z<^EIVZhQL%b!^z<"EIVZhQL%b!^z<7EIVZhQL%b!^z<lEIVZhQL%b!^z<@EIVZhQL%b!^z-@EIVZhQL%b!^z-lEIVZhQL%b!^z-7EIVZhQL%b!^z-"EIVZhQL%b!^z-^EIVZhQ %b!Cz<7EIVZhQ %b!Cz<AEIVZhQ %b!Cz<lEIVZhQ %b!Cz"^EIVZhQ %b!Cz"7EIVZhQ %b!Cz"-EIVZhQ %b!Cz-REIVZhQ %b!Cz-AEIVZhQ %b!Cz-"EIVZhQ %b!Cz-^EIVZhQ %b!Cz"lEIVZhQ %b!Cz"AEI!!!!I!!!!I!!!!I!!!!I!!!!I!!!!IVZhQW%b!Cz<EI
1t,f <i~8G/=uUT",f <i~8G/=uU5",f <i~8G/=uUt",f <i~8G/=uU=",f <i~8G/=uU!",f <i~8G/=uS!",f <i~8G/=uS=",f <i~8G/=uSt",f <i~8G/=uS5",f <i~8G/=uST",f <i~8G/=uQT",f <i~8G/=uQ5",f <i~8G/=uQt",f <i~8G/=uQ=",f <i~8G/=uQ!",f <i$8G/Su!",f <i$8G/Su=",f <i$8G/Sut",f <i$8G/Su5",f <i$8G/Su9",f <i$8G/Su;",f <i$8G/Su=S",f <i$8G/Su=!",f <i$8G/SuS9",f <i$8G/SuS5",f <i$8G/SuSt",f <i$8G/SuS=",////,////,////,////,////,////,f <ib8G/Su!",
:&H0-(At2nYs@&f<H0-(At2nYs@&e<H0-(At2nYs@&&<H0-(At2nYs@&!<H0-(At2nYs@&z<H0-(At2nYs@zz<H0-(At2nYs@z!<H0-(At2nYs@z&<H0-(At2nYs@ze<H0-(At2nYs@zf<H0-(At2nYs@!f<H0-(At2nYs@!e<H0-(At2nYs@!&<H0-(At2nYs@!!<H0-(At2nYs@!z<H0-(A~2nYz@z<H0-(A~2nYz@!<H0-(A~2nYz@&<H0-(A~2nYz@g<H0-(A~2nYz@zz<H0-(A~2nYz@z+<H0-(A~2nYz@ss<H0-(A~2nYz@s!<H0-(A~2nYz@ze<H0-(A~2nYz@zg<H0-(A~2nYz@z&<H0-(A~2nYz@z!<HYYYYHYYYYHYYYYHYYYYHYYYYHYYYYHYYYYH
Q#%M<j9eq["f]vi4%M<j9eq["f]v#4%M<j9eq["f]vO4%M<j9eq["f]v}4%M<j9eq["f]v&4%M<j9eq["f]S&4%M<j9eq["f]S}4%M<j9eq["f]SO4%M<j9eq["f]S#4%M<j9eq["f]Si4%M<j9eq["f]fi4%M<j9eq["f]f#4%M<j9eq["f]fO4%M<j9eq["f]f}4%M<j9eq["f]f&4%M<j9Dq["S]}O4%M<j9Dq["S]}#4%M<j9Dq["S]}u4%M<j9Dq["S]f&4%M<j9Dq["S]f}4%M<j9Dq["S]ff4%M<j9Dq["S]Ov4%M<j9Dq["S]OO4%M<j9Dq["S]O}4%M<j9Dq["S]O&4%M<j9Dq["S]fu4%M<j9Dq["S]f#4%""""%""""%""""%""""%""""%""""%M<j9@q["S]S4%
l9* kbAM7c-|P:~e* kbAM7c-|P:(e* kbAM7c-|P::e* kbAM7c-|P:|e* kbAM7c-|P:{e* kbAM7c-|P{{e* kbAM7c-|P{|e* kbAM7c-|P{:e* kbAM7c-|P{(e* kbAM7c-|P{~e* kbAM7c-|P|~e* kbAM7c-|P|(e* kbAM7c-|P|:e* kbAM7c-|P||e* kbAM7c-|P|{e* kbAG7c-{PC:e* kbAG7c-{PC9e* kbAG7c-{PC(e* kbAG7c-{P|{e* kbAG7c-{P|:e* kbAG7c-{P|ie* kbAG7c-{Piae* kbAG7c-{Pi9e* kbAG7c-{Pi|e* kbAG7c-{Pi{e* kbAG7c-{P|(e* kbAG7c-{P|9e*----*----*----*----*----*----* kbA+7c-{PCe*
"X[{)^yR8	G_cw,D[{)^yR8	G_cwgD[{)^yR8	G_cwvD[{)^yR8	G_cwkD[{)^yR8	G_cw_D[{)^yR8	G_c!_D[{)^yR8	G_c!kD[{)^yR8	G_c!vD[{)^yR8	G_c!gD[{)^yR8	G_c!,D[{)^yR8	G_c],D[{)^yR8	G_c]gD[{)^yR8	G_c]vD[{)^yR8	G_c]kD[{)^yR8	G_c]_D[{)^yA8	Gkc_D[{)^yA8	GkckD[{)^yA8	GkcvD[{)^yA8	GkcgD[{)^yA8	GkcXD[{)^yA8	GkcxD[{)^yA8	GkckwD[{)^yA8	Gkck_D[{)^yA8	GkcwXD[{)^yA8	GkcwgD[{)^yA8	GkcwvD[{)^yA8	GkcwkD[GGGG[GGGG[GGGG[GGGG[GGGG[GGGG[{)^y-8	Gkc_D[
tp}*"2KZ.hoge3iO}*"2KZ.hoge3pO}*"2KZ.hoge3wO}*"2KZ.hoge3<O}*"2KZ.hoge33O}*"2KZ.hoge<3O}*"2KZ.hoge<<O}*"2KZ.hoge<wO}*"2KZ.hoge<pO}*"2KZ.hoge<iO}*"2KZ.hogewiO}*"2KZ.hogewpO}*"2KZ.hogewwO}*"2KZ.hogew<O}*"2KZ.hogew3O}*"2K_.hone3O}*"2K_.hone<O}*"2K_.honewO}*"2K_.hone=O}*"2K_.hone33O}*"2K_.hone3gO}*"2K_.honennO}*"2K_.honen<O}*"2K_.hone3pO}*"2K_.hone3=O}*"2K_.hone3wO}*"2K_.hone3<O}oooo}oooo}oooo}oooo}oooo}oooo}oooo}
$f	BwO-by74ZfTfdGBwO-by74ZfTf.GBwO-by74ZfTfIGBwO-by74ZfTfUGBwO-by74ZfTf	GBwO-by74ZfTC	GBwO-by74ZfTCUGBwO-by74ZfTCIGBwO-by74ZfTC.GBwO-by74ZfTCdGBwO-by74ZfTNdGBwO-by74ZfTN.GBwO-by74ZfTNIGBwO-by74ZfTNUGBwO-by74ZfTN	GBwO-b,74ZUTUIGBwO-b,74ZUTU.GBwO-b,74ZUTU%GBwO-b,74ZUTC	GBwO-b,74ZUTCUGBwO-b,74ZUTCCGBwO-b,74ZUTINGBwO-b,74ZUTIIGBwO-b,74ZUTIUGBwO-b,74ZUTI	GBwO-b,74ZUTC%GBwO-b,74ZUTC.GBZZZZBZZZZBZZZZBZZZZBZZZZBZZZZBwO-b074ZUTfGB
%<<D{g20CP+L<?<cmD{g20CP+L<?<^mD{g20CP+L<?<RmD{g20CP+L<?<XmD{g20CP+L<?<<mD{g20CP+L<?X<mD{g20CP+L<?XXmD{g20CP+L<?XRmD{g20CP+L<?X^mD{g20CP+L<?XcmD{g20CP+L<?RcmD{g20CP+L<?R^mD{g20CP+L<?RRmD{g20CP+L<?RXmD{g20CP+L<?R<mD{g20IP+L&?&RmD{g20IP+L&?&>mD{g20IP+L&?&^mD{g20IP+L&?X<mD{g20IP+L&?XRmD{g20IP+L&?XMmD{g20IP+L&?M-mD{g20IP+L&?M>mD{g20IP+L&?MXmD{g20IP+L&?M<mD{g20IP+L&?X^mD{g20IP+L&?X>mDLLLLDLLLLDLLLLDLLLLDLLLLDLLLLD{g20_P+L&?&mD
yLwx<@e2n0VKwP	&ix<@e2n0VKwP	 ix<@e2n0VKwP		ix<@e2n0VKwP	wix<@e2n0VKwP	5ix<@e2n0VKwP5ix<@e2n0VKwPwix<@e2n0VKwP	ix<@e2n0VKwP ix<@e2n0VKwP&ix<@e2n0VKwPw&ix<@e2n0VKwPw ix<@e2n0VKwPw	ix<@e2n0VKwPwwix<@e2n0VKwPw5ix<@e2=0VK`P5ix<@e2=0VK`Pwix<@e2=0VK`P	ix<@e2=0VK`P ix<@e2=0VK`PNix<@e2=0VK`P\ix<@e2=0VK`PwLix<@e2=0VK`Pw5ix<@e2=0VK`PLNix<@e2=0VK`PL ix<@e2=0VK`PL	ix<@e2=0VK`PLwixKKKKxKKKKxKKKKxKKKKxKKKKxKKKKx<@e2B0VK`P5ix
xRJm9.,o3a&_N[HZXm9.,o3a&_N[HGXm9.,o3a&_N[H Xm9.,o3a&_N[HJXm9.,o3a&_N[HRXm9.,o3a&_N[RXm9.,o3a&_N[JXm9.,o3a&_N[ Xm9.,o3a&_N[GXm9.,o3a&_N[ZXm9.,o3a&_N[NZXm9.,o3a&_N[NGXm9.,o3a&_N[N Xm9.,o3a&_N[NJXm9.,o3a&_N[NRXm9.,oFa&_J[RXm9.,oFa&_J[JXm9.,oFa&_J[ Xm9.,oFa&_J[^Xm9.,oFa&_J[RRXm9.,oFa&_J[RlXm9.,oFa&_J[NNXm9.,oFa&_J[NJXm9.,oFa&_J[RGXm9.,oFa&_J[R^Xm9.,oFa&_J[R Xm9.,oFa&_J[RJXm____m____m____m____m____m____m____m
3B	M.)6i*n!Xyc	~UM.)6i*n!Xyc	fUM.)6i*n!Xyc		UM.)6i*n!Xyc	mUM.)6i*n!Xyc	<UM.)6i*n!Xyc<UM.)6i*n!XycmUM.)6i*n!Xyc	UM.)6i*n!XycfUM.)6i*n!Xyc~UM.)6i*n!Xycm~UM.)6i*n!XycmfUM.)6i*n!Xycm	UM.)6i*n!XycmmUM.)6i*n!Xycm<UM.)6idn!Xycm	UM.)6idn!XycmfUM.)6idn!Xycm:UM.)6idn!Xycy<UM.)6idn!XycymUM.)6idn!XycyyUM.)6idn!Xyc	;UM.)6idn!Xyc		UM.)6idn!Xyc	mUM.)6idn!Xyc	<UM.)6idn!Xycy:UM.)6idn!XycyfUMXXXXMXXXXMXXXXMXXXXMXXXXMXXXXM.)6i%n!XycBUM
+KBXtcGZx]k1|7MCHXtcGZx]k1|7MzHXtcGZx]k1|7MBHXtcGZx]k1|7M|HXtcGZx]k1|7MKHXtcGZx]k1|7KHXtcGZx]k1|7|HXtcGZx]k1|7BHXtcGZx]k1|7zHXtcGZx]k1|7CHXtcGZx]k1|7mCHXtcGZx]k1|7mzHXtcGZx]k1|7mBHXtcGZx]k1|7m|HXtcGZx]k1|7mKHXtcGZU]k1|7mBHXtcGZU]k1|7m@HXtcGZU]k1|7mzHXtcGZU]k1|7|KHXtcGZU]k1|7|BHXtcGZU]k1|7|MHXtcGZU]k1|7MNHXtcGZU]k1|7M@HXtcGZU]k1|7M|HXtcGZU]k1|7MKHXtcGZU]k1|7|zHXtcGZU]k1|7|@HX1111X1111X1111X1111X1111X1111XtcGZb]k1|7mHX
;^RIVZhQL%b!-zAEIVZhQL%b!-zREIVZhQL%b!-z-EIVZhQL%b!-z<EIVZhQL%b!-zCEIVZhQL%b!-z<CEIVZhQL%b!-z<<EIVZhQL%b!-z<-EIVZhQL%b!-z<REIVZhQL%b!-z<AEIVZhQL%b!-z-AEIVZhQL%b!-z-REIVZhQL%b!-z--EIVZhQL%b!-z-<EIVZhQL%b!-z-CEIVZhQ %b!-zCEIVZhQ %b!-z<EIVZhQ %b!-z-EIVZhQ %b!-zREIVZhQ %b!-z@EIVZhQ %b!-zlEIVZhQ %b!-z<^EIVZhQ %b!-z<CEIVZhQ %b!-z^@EIVZhQ %b!-z^REIVZhQ %b!-z^-EIVZhQ %b!-z^<EI!!!!I!!!!I!!!!I!!!!I!!!!I!!!!IVZhQW%b!-zCEI
1ST,f <i~8G/tu9",f <i~8G/tu;",f <i~8G/tuU",f <i~8G/tuQ",f <i~8G/tuS",f <i~8G/tu=S",f <i~8G/tu=Q",f <i~8G/tu=U",f <i~8G/tu=;",f <i~8G/tu=9",f <i~8G/tut9",f <i~8G/tut;",f <i~8G/tutU",f <i~8G/tutQ",f <i~8G/tutS",f <i$8G/tuS",f <i$8G/tuQ",f <i$8G/tuU",f <i$8G/tuT",f <i$8G/tuSS",f <i$8G/tuS!",f <i$8G/tu==",f <i$8G/tu=Q",f <i$8G/tuS;",f <i$8G/tuST",f <i$8G/tuSU",f <i$8G/tuSQ",////,////,////,////,////,////,////,
:zfH0-(At2nY&@g<H0-(At2nY&@r<H0-(At2nY&@1<H0-(At2nY&@s<H0-(At2nY&@+<H0-(At2nY&@s+<H0-(At2nY&@ss<H0-(At2nY&@s1<H0-(At2nY&@sr<H0-(At2nY&@sg<H0-(At2nY&@1g<H0-(At2nY&@1r<H0-(At2nY&@11<H0-(At2nY&@1s<H0-(At2nY&@1+<H0-(A~2nY1@s1<H0-(A~2nY1@sr<H0-(A~2nY1@sf<H0-(A~2nY1@!+<H0-(A~2nY1@!s<H0-(A~2nY1@!!<H0-(A~2nY1@1&<H0-(A~2nY1@11<H0-(A~2nY1@1s<H0-(A~2nY1@1+<H0-(A~2nY1@!f<H0-(A~2nY1@!r<HYYYYHYYYYHYYYYHYYYYHYYYYHYYYYH0-(A.2nY1@z<H
QS	%M<j9eq["v]u4%M<j9eq["v]	4%M<j9eq["v]v4%M<j9eq["v]f4%M<j9eq["v]S4%M<j9eq["v]}S4%M<j9eq["v]}f4%M<j9eq["v]}v4%M<j9eq["v]}	4%M<j9eq["v]}u4%M<j9eq["v]Ou4%M<j9eq["v]O	4%M<j9eq["v]Ov4%M<j9eq["v]Of4%M<j9eq["v]OS4%M<j9Dq["O]}v4%M<j9Dq["O]}i4%M<j9Dq["O]}	4%M<j9Dq["O]fS4%M<j9Dq["O]fv4%M<j9Dq["O]fO4%M<j9Dq["O]O#4%M<j9Dq["O]Oi4%M<j9Dq["O]Of4%M<j9Dq["O]OS4%M<j9Dq["O]f	4%M<j9Dq["O]fi4%""""%""""%""""%""""%""""%""""%M<j9@q["O]}4%
lC,* kbAM7c-aP:9e* kbAM7c-aP:ae* kbAM7c-aP:ie* kbAM7c-aP:Ce* kbAM7c-aP:,e* kbAM7c-aP{,e* kbAM7c-aP{Ce* kbAM7c-aP{ie* kbAM7c-aP{ae* kbAM7c-aP{9e* kbAM7c-aP|9e* kbAM7c-aP|ae* kbAM7c-aP|ie* kbAM7c-aP|Ce* kbAM7c-aP|,e* kbAG7c-:P,e* kbAG7c-:PCe* kbAG7c-:Pie* kbAG7c-:Pae* kbAG7c-:P~e* kbAG7c-:P(e* kbAG7c-:PC{e* kbAG7c-:PC,e* kbAG7c-:P{~e* kbAG7c-:P{ae* kbAG7c-:P{ie* kbAG7c-:P{Ce*----*----*----*----*----*----* kbA+7c-:P,e*
"kw[{)^yR8	Ggc]XD[{)^yR8	Ggc]xD[{)^yR8	Ggc]]D[{)^yR8	Ggc]!D[{)^yR8	Ggc]wD[{)^yR8	GgcwwD[{)^yR8	Ggcw!D[{)^yR8	Ggcw]D[{)^yR8	GgcwxD[{)^yR8	GgcwXD[{)^yR8	Ggc!XD[{)^yR8	Ggc!xD[{)^yR8	Ggc!]D[{)^yR8	Ggc!!D[{)^yR8	Ggc!wD[{)^yA8	G]cwD[{)^yA8	G]c!D[{)^yA8	G]c]D[{)^yA8	G]c,D[{)^yA8	G]cwwD[{)^yA8	G]cw_D[{)^yA8	G]ckkD[{)^yA8	G]ck!D[{)^yA8	G]cwxD[{)^yA8	G]cw,D[{)^yA8	G]cw]D[{)^yA8	G]cw!D[GGGG[GGGG[GGGG[GGGG[GGGG[GGGG[GGGG[
tnn}*"2KZ.ho=ew=O}*"2KZ.ho=ew]O}*"2KZ.ho=ewcO}*"2KZ.ho=ewnO}*"2KZ.ho=ewgO}*"2KZ.ho=e3gO}*"2KZ.ho=e3nO}*"2KZ.ho=e3cO}*"2KZ.ho=e3]O}*"2KZ.ho=e3=O}*"2KZ.ho=e<=O}*"2KZ.ho=e<]O}*"2KZ.ho=e<cO}*"2KZ.ho=e<nO}*"2KZ.ho=e<gO}*"2K_.howencO}*"2K_.howen]O}*"2K_.howeniO}*"2K_.howe<gO}*"2K_.howe<nO}*"2K_.howe<<O}*"2K_.howecwO}*"2K_.howeccO}*"2K_.howecnO}*"2K_.howecgO}*"2K_.howe<iO}*"2K_.howe<]O}oooo}oooo}oooo}oooo}oooo}oooo}*"2KU.howe3O}
$UCBwO-by74ZdTN%GBwO-by74ZdTNaGBwO-by74ZdTNNGBwO-by74ZdTNCGBwO-by74ZdTNfGBwO-by74ZdTffGBwO-by74ZdTfCGBwO-by74ZdTfNGBwO-by74ZdTfaGBwO-by74ZdTf%GBwO-by74ZdTC%GBwO-by74ZdTCaGBwO-by74ZdTCNGBwO-by74ZdTCCGBwO-by74ZdTCfGBwO-b,74ZNTUNGBwO-b,74ZNTUdGBwO-b,74ZNTUaGBwO-b,74ZNTCfGBwO-b,74ZNTCNGBwO-b,74ZNTCIGBwO-b,74ZNTI.GBwO-b,74ZNTIdGBwO-b,74ZNTICGBwO-b,74ZNTIfGBwO-b,74ZNTCaGBwO-b,74ZNTCdGBZZZZBZZZZBZZZZBZZZZBZZZZBZZZZBwO-b074ZNTUGB
%&MD{g20CP+LM?<>mD{g20CP+LM?<-mD{g20CP+LM?<MmD{g20CP+LM?<&mD{g20CP+LM?<ZmD{g20CP+LM?XZmD{g20CP+LM?X&mD{g20CP+LM?XMmD{g20CP+LM?X-mD{g20CP+LM?X>mD{g20CP+LM?R>mD{g20CP+LM?R-mD{g20CP+LM?RMmD{g20CP+LM?R&mD{g20CP+LM?RZmD{g20IP+L-?ZmD{g20IP+L-?&mD{g20IP+L-?MmD{g20IP+L-?-mD{g20IP+L-?cmD{g20IP+L-?^mD{g20IP+L-?&<mD{g20IP+L-?&ZmD{g20IP+L-?<cmD{g20IP+L-?<-mD{g20IP+L-?<MmD{g20IP+L-?<&mDLLLLDLLLLDLLLLDLLLLDLLLLDLLLLD{g20_P+L-?ZmD
ywjx<@e2n0VK	PLNix<@e2n0VK	PL\ix<@e2n0VK	PLjix<@e2n0VK	PL`ix<@e2n0VK	PLLix<@e2n0VK	P`Lix<@e2n0VK	P``ix<@e2n0VK	P`jix<@e2n0VK	P`\ix<@e2n0VK	P`Nix<@e2n0VK	PjNix<@e2n0VK	Pj\ix<@e2n0VK	Pjjix<@e2n0VK	Pj`ix<@e2n0VK	PjLix<@e2=0VK PLix<@e2=0VK P`ix<@e2=0VK Pjix<@e2=0VK P&ix<@e2=0VK PLLix<@e2=0VK PL5ix<@e2=0VK Pwwix<@e2=0VK Pw`ix<@e2=0VK PL\ix<@e2=0VK PL&ix<@e2=0VK PLjix<@e2=0VK PL`ixKKKKxKKKKxKKKKxKKKKxKKKKxKKKKxKKKKx
xN"m9.,o3a&_ [R^Xm9.,o3a&_ [R"Xm9.,o3a&_ [RHXm9.,o3a&_ [RNXm9.,o3a&_ [RlXm9.,o3a&_ [JlXm9.,o3a&_ [JNXm9.,o3a&_ [JHXm9.,o3a&_ [J"Xm9.,o3a&_ [J^Xm9.,o3a&_ [ ^Xm9.,o3a&_ [ "Xm9.,o3a&_ [ HXm9.,o3a&_ [ NXm9.,o3a&_ [ lXm9.,oFa&_"[NHXm9.,oFa&_"[N"Xm9.,oFa&_"[NZXm9.,oFa&_"[JlXm9.,oFa&_"[JNXm9.,oFa&_"[JJXm9.,oFa&_"[H Xm9.,oFa&_"[HHXm9.,oFa&_"[HNXm9.,oFa&_"[HlXm9.,oFa&_"[JZXm9.,oFa&_"[J"Xm____m____m____m____m____m____m9.,o>a&_"[RXm
3m~M.)6i*n!X;cB:UM.)6i*n!X;cB5UM.)6i*n!X;cB;UM.)6i*n!X;cByUM.)6i*n!X;cBBUM.)6i*n!X;cyBUM.)6i*n!X;cyyUM.)6i*n!X;cy;UM.)6i*n!X;cy5UM.)6i*n!X;cy:UM.)6i*n!X;c;:UM.)6i*n!X;c;5UM.)6i*n!X;c;;UM.)6i*n!X;c;yUM.)6i*n!X;c;BUM.)6idn!Xfcm;UM.)6idn!Xfcm~UM.)6idn!Xfcm5UM.)6idn!XfcyBUM.)6idn!Xfcy;UM.)6idn!Xfcy	UM.)6idn!Xfc	fUM.)6idn!Xfc	~UM.)6idn!Xfc	yUM.)6idn!Xfc	BUM.)6idn!Xfcy5UM.)6idn!Xfcy~UMXXXXMXXXXMXXXXMXXXXMXXXXMXXXXM.)6i%n!XfcmUM
+mCXtcGZx]k1N7M@HXtcGZx]k1N7MNHXtcGZx]k1N7MMHXtcGZx]k1N7MmHXtcGZx]k1N7M;HXtcGZx]k1N7;HXtcGZx]k1N7mHXtcGZx]k1N7MHXtcGZx]k1N7NHXtcGZx]k1N7@HXtcGZx]k1N7m@HXtcGZx]k1N7mNHXtcGZx]k1N7mMHXtcGZx]k1N7mmHXtcGZx]k1N7m;HXtcGZU]k1@7;HXtcGZU]k1@7mHXtcGZU]k1@7MHXtcGZU]k1@7NHXtcGZU]k1@7CHXtcGZU]k1@7zHXtcGZU]k1@7mKHXtcGZU]k1@7m;HXtcGZU]k1@7KCHXtcGZU]k1@7KNHXtcGZU]k1@7KMHXtcGZU]k1@7KmHX1111X1111X1111X1111X1111XtcGZPUfhV`i%b!zCEIVZhQW%b!AzCEI
1=;,f <i~8G/5ut9",f <i~8G/5ut;",f <i~8G/5utU",f <i~8G/5utQ",f <i~8G/5utS",f <i~8G/5uS",f <i~8G/5uQ",f <i~8G/5uU",f <i~8G/5u;",f <i~8G/5u9",f <i~8G/5u=9",f <i~8G/5u=;",f <i~8G/5u=U",f <i~8G/5u=Q",f <i~8G/5u=S",f <i$8G/TuS",f <i$8G/TuQ",f <i$8G/TuU",f <i$8G/TuT",f <i$8G/TuSS",f <i$8G/TuS!",f <i$8G/Tu==",f <i$8G/Tu=Q",f <i$8G/TuS;",f <i$8G/TuST",f <i$8G/TuSU",f <i$8G/TuSQ",////,////,////,////,////,f <i\$se0P>2nY@!<HYYYYH
Qf&%M<j9eq["i]Oi4%M<j9eq["i]O#4%M<j9eq["i]OO4%M<j9eq["i]O}4%M<j9eq["i]O&4%M<j9eq["i]&4%M<j9eq["i]}4%M<j9eq["i]O4%M<j9eq["i]#4%M<j9eq["i]i4%M<j9eq["i]}i4%M<j9eq["i]}#4%M<j9eq["i]}O4%M<j9eq["i]}}4%M<j9eq["i]}&4%M<j9Dq["i]}O4%M<j9Dq["i]}#4%M<j9Dq["i]}u4%M<j9Dq["i]f&4%M<j9Dq["i]f}4%M<j9Dq["i]ff4%M<j9Dq["i]Ov4%M<j9Dq["i]OO4%M<j9Dq["i]O}4%M<j9Dq["i]O&4%M<j9Dq["i]fu4%M<j9Dq["i]f#4%""""%""""%""""%""""%""""%M<j9aDA\ fW7c-P{{e* kbA+7c-9P{e*
"!w[{)^yR8	G,cvXD[{)^yR8	G,cvxD[{)^yR8	G,cv]D[{)^yR8	G,cv!D[{)^yR8	G,cvwD[{)^yR8	G,cwD[{)^yR8	G,c!D[{)^yR8	G,c]D[{)^yR8	G,cxD[{)^yR8	G,cXD[{)^yR8	G,ckXD[{)^yR8	G,ckxD[{)^yR8	G,ck]D[{)^yR8	G,ck!D[{)^yR8	G,ckwD[{)^yA8	G,ck]D[{)^yA8	G,ck,D[{)^yA8	G,ckxD[{)^yA8	G,c!wD[{)^yA8	G,c!]D[{)^yA8	G,c!vD[{)^yA8	G,cvgD[{)^yA8	G,cv,D[{)^yA8	G,cv!D[{)^yA8	G,cvwD[{)^yA8	G,c!xD[{)^yA8	G,c!,D[GGGG[GGGG[GGGG[GGGG[GGGG[{)^y?A|P*>,.hoeiO}*"2KU.ho=enO}
$CUBwO-b([NPP+L?ZmD{g20l:Z00VKPLix<@e2OE	aa&_[NXm9.,o=y]nn!XcyUM.)6iKby]]k17MHXtcGZ"hF%%b!z7EIVZhQrNP88G/u5",f <iIeq22nY@g<H0-(A_a?qq["]S#4%M<j9g\s77c-P{9e* kbA"wN88	GcwxD[{)^y:P[..hoengO}*"2K1mg774ZTUfGBwO-b([NPP+L?&&mD{g20l:Z00VKPw`ix<@e2<dn$0VKP5ix<@e2<dn$0VKPwix<@e2<dn$0VKP	ix<@e2<dn$0VKP ix<@e2<dn$0VKPNix<@e2<dn$0VKPL5ix<@e2<dn$0VKPwwix<@e2<dn$0VKPw5ix<@e2<dn$0VKPLNix<@e2<dn$0VKPL ix<@e2<dn$0VKPL	ix<@e2<dn$0VKPLwixKKKKxKKKKxKKKKxKKKKxKKKKx<@e2d=$E9+Ua&_[NXm9.,o@F+y.A\n!XcBUM
+||X1111X1111X1111X1111X1111X1111X1111X1111X1111X1111X1111X1111X1111XtcGZ"hF%%b!z^@EI!!!!IVZhQVyL`%b!z^EIVZhQVyL`%b!z"EIVZhQVyL`%b!z7EIVZhQVyL`%b!zAEIVZhQVyL`%b!zlEIVZhQVyL`%b!z^^EIVZhQVyL`%b!z<"EIVZhQVyL`%b!z<^EIVZhQVyL`%b!z^lEIVZhQVyL`%b!z^AEIVZhQVyL`%b!z^7EIVZhQVyL`%b!z^"EI!!!!I!!!!I!!!!I!!!!I!!!!IVZhQy `Nfs08G/uS!",f <i\$se0P>2nY@e<H
QfO%""""%""""%""""%""""%""""%""""%""""%""""%""""%""""%""""%""""%""""%M<j9g\s77c-PCae*----* kbA JMf7c-PC:e* kbA JMf7c-PC9e* kbA JMf7c-PC(e* kbA JMf7c-P|{e* kbA JMf7c-P||e* kbA JMf7c-P|:e* kbA JMf7c-Pi9e* kbA JMf7c-Pi:e* kbA JMf7c-Pi|e* kbA JMf7c-Pi{e* kbA JMf7c-P|(e* kbA JMf7c-P|9e*----*----*----*----*----* kbAJGfw{|$8	GcwvD[{)^y?A|P*>,.hoe3nO}
$CNBwO-b([NPP+L?cmD{g20l:Z00VKP\ix<@e2OE	aa&_[RlXm9.,o=y]nn!XcBBUM.)6iKby]]k17KmHXtcGZ"hF%%b!z^"EIVZhQrNP88G/uSt",f <iIeq22nY@z&<H0-(A_a?qq["]}O4%M<j9g\s77c-PC:e* kbA"wN88	Gck,D[{)^y:P[..hoeniO}*"2K1mg774ZTUaGBwO-b([NPP+L?XZmD{g20l:Z00VKP`Lix<@e2<dn$0VKPw	ix<@e2<dn$0VKPw ix<@e2<dn$0VKPwNix<@e2<dn$0VKP`5ix<@e2<dn$0VKP`wix<@e2<dn$0VKP`	ix<@e2<dn$0VKP	 ix<@e2<dn$0VKP		ix<@e2<dn$0VKP	wix<@e2<dn$0VKP	5ix<@e2<dn$0VKP`Nix<@e2<dn$0VKP` ixKKKKxKKKKxKKKKxKKKKxKKKKx<@e2d=$E9+Ua&_["Xm9.,o@F+y.A\n!Xc	UM
+|NXtcGZx]k1C7@HXtcGZx]k1C7NHXtcGZx]k1C7MHXtcGZx]k1C7mHXtcGZx]k1C7;HXtcGZx]k1C7m;HXtcGZx]k1C7mmHXtcGZx]k1C7mMHXtcGZx]k1C7mNHXtcGZx]k1C7m@HXtcGZx]k1C7M@HXtcGZx]k1C7MNHXtcGZx]k1C7MMHXtcGZx]k1C7MmHXtcGZx]k1C7M;HXtcGZU]k1C7;HXtcGZU]k1C7mHXtcGZU]k1C7MHXtcGZU]k1C7NHXtcGZU]k1C7CHXtcGZU]k1C7zHXtcGZU]k1C7mKHXtcGZU]k1C7m;HXtcGZU]k1C7KCHXtcGZU]k1C7KNHXtcGZU]k1C7KMHXtcGZU]k1C7KmHX1111X1111X1111X1111X1111XtcGZPUfhV`i%b!z^"EIVZhQW%b!@zCEI
1QT,f <i~8G/9u9",f <i~8G/9u;",f <i~8G/9uU",f <i~8G/9uQ",f <i~8G/9uS",f <i~8G/9u=S",f <i~8G/9u=Q",f <i~8G/9u=U",f <i~8G/9u=;",f <i~8G/9u=9",f <i~8G/9ut9",f <i~8G/9ut;",f <i~8G/9utU",f <i~8G/9utQ",f <i~8G/9utS",f <i$8G/9uS",f <i$8G/9uQ",f <i$8G/9uU",f <i$8G/9uT",f <i$8G/9uSS",f <i$8G/9uS!",f <i$8G/9u==",f <i$8G/9u=Q",f <i$8G/9uS;",f <i$8G/9uST",f <i$8G/9uSU",f <i$8G/9uSQ",////,////,////,////,////,f <i\$se0P>2nY@z&<HYYYYH
Qfu%M<j9eq["	]i4%M<j9eq["	]#4%M<j9eq["	]O4%M<j9eq["	]}4%M<j9eq["	]&4%M<j9eq["	]}&4%M<j9eq["	]}}4%M<j9eq["	]}O4%M<j9eq["	]}#4%M<j9eq["	]}i4%M<j9eq["	]Oi4%M<j9eq["	]O#4%M<j9eq["	]OO4%M<j9eq["	]O}4%M<j9eq["	]O&4%M<j9Dq["u]}O4%M<j9Dq["u]}#4%M<j9Dq["u]}u4%M<j9Dq["u]f&4%M<j9Dq["u]f}4%M<j9Dq["u]ff4%M<j9Dq["u]Ov4%M<j9Dq["u]OO4%M<j9Dq["u]O}4%M<j9Dq["u]O&4%M<j9Dq["u]fu4%M<j9Dq["u]f#4%""""%""""%""""%""""%""""%M<j9aDA\ fW7c-P9e* kbA+7c-~P{e*
"!x[{)^yR8	GxcXD[{)^yR8	GxcxD[{)^yR8	Gxc]D[{)^yR8	Gxc!D[{)^yR8	GxcwD[{)^yR8	GxckwD[{)^yR8	Gxck!D[{)^yR8	Gxck]D[{)^yR8	GxckxD[{)^yR8	GxckXD[{)^yR8	GxcvXD[{)^yR8	GxcvxD[{)^yR8	Gxcv]D[{)^yR8	Gxcv!D[{)^yR8	GxcvwD[{)^yA8	GXck]D[{)^yA8	GXck,D[{)^yA8	GXckxD[{)^yA8	GXc!wD[{)^yA8	GXc!]D[{)^yA8	GXc!vD[{)^yA8	GXcvgD[{)^yA8	GXcv,D[{)^yA8	GXcv!D[{)^yA8	GXcvwD[{)^yA8	GXc!xD[{)^yA8	GXc!,D[GGGG[GGGG[GGGG[GGGG[GGGG[{)^y?A|P*>,.hoewO}*"2KU.hoienO}
$I	BwO-by74Zf	TNdGBwO-by74Zf	TN.GBwO-by74Zf	TNIGBwO-by74Zf	TNUGBwO-by74Zf	TN	GBwO-by74Zf	Tf	GBwO-by74Zf	TfUGBwO-by74Zf	TfIGBwO-by74Zf	Tf.GBwO-by74Zf	TfdGBwO-by74Zf	TCdGBwO-by74Zf	TC.GBwO-by74Zf	TCIGBwO-by74Zf	TCUGBwO-by74Zf	TC	GBwO-b,74ZaT	GBwO-b,74ZaTUGBwO-b,74ZaTIGBwO-b,74ZaT.GBwO-b,74ZaT%GBwO-b,74ZaTaGBwO-b,74ZaTUfGBwO-b,74ZaTU	GBwO-b,74ZaTf%GBwO-b,74ZaTf.GBwO-b,74ZaTfIGBwO-b,74ZaTfUGBZZZZBZZZZBZZZZBZZZZBZZZZBZZZZBwO-b074ZaT	GB
%M<D{g20CP+L<Z?RcmD{g20CP+L<Z?R^mD{g20CP+L<Z?RRmD{g20CP+L<Z?RXmD{g20CP+L<Z?R<mD{g20CP+L<Z?<<mD{g20CP+L<Z?<XmD{g20CP+L<Z?<RmD{g20CP+L<Z?<^mD{g20CP+L<Z?<cmD{g20CP+L<Z?XcmD{g20CP+L<Z?X^mD{g20CP+L<Z?XRmD{g20CP+L<Z?XXmD{g20CP+L<Z?X<mD{g20IP+L^?<mD{g20IP+L^?XmD{g20IP+L^?RmD{g20IP+L^?>mD{g20IP+L^?<<mD{g20IP+L^?<ZmD{g20IP+L^?&&mD{g20IP+L^?&XmD{g20IP+L^?<^mD{g20IP+L^?<>mD{g20IP+L^?<RmD{g20IP+L^?<XmDLLLLDLLLLDLLLLDLLLLDLLLLDLLLLDLLLLD
y	wx<@e2n0VKLLPj&ix<@e2n0VKLLPj ix<@e2n0VKLLPj	ix<@e2n0VKLLPjwix<@e2n0VKLLPj5ix<@e2n0VKLLPL5ix<@e2n0VKLLPLwix<@e2n0VKLLPL	ix<@e2n0VKLLPL ix<@e2n0VKLLPL&ix<@e2n0VKLLP`&ix<@e2n0VKLLP` ix<@e2n0VKLLP`	ix<@e2n0VKLLP`wix<@e2n0VKLLP`5ix<@e2=0VK\Pw	ix<@e2=0VK\Pw ix<@e2=0VK\PwNix<@e2=0VK\P`5ix<@e2=0VK\P`wix<@e2=0VK\P``ix<@e2=0VK\P	jix<@e2=0VK\P		ix<@e2=0VK\P	wix<@e2=0VK\P	5ix<@e2=0VK\P`Nix<@e2=0VK\P` ixKKKKxKKKKxKKKKxKKKKxKKKKxKKKKx<@e2B0VK\PLix
xHJm9.,o3a&_RR[ ZXm9.,o3a&_RR[ GXm9.,o3a&_RR[  Xm9.,o3a&_RR[ JXm9.,o3a&_RR[ RXm9.,o3a&_RR[RRXm9.,o3a&_RR[RJXm9.,o3a&_RR[R Xm9.,o3a&_RR[RGXm9.,o3a&_RR[RZXm9.,o3a&_RR[JZXm9.,o3a&_RR[JGXm9.,o3a&_RR[J Xm9.,o3a&_RR[JJXm9.,o3a&_RR[JRXm9.,oFa&_G[N Xm9.,oFa&_G[N^Xm9.,oFa&_G[NGXm9.,oFa&_G[JRXm9.,oFa&_G[J Xm9.,oFa&_G[JHXm9.,oFa&_G[H"Xm9.,oFa&_G[H^Xm9.,oFa&_G[HJXm9.,oFa&_G[HRXm9.,oFa&_G[JGXm9.,oFa&_G[J^Xm____m____m____m____m____m____m9.,o>a&_G[NXm
3		M.)6i*n!X:cB~UM.)6i*n!X:cBfUM.)6i*n!X:cB	UM.)6i*n!X:cBmUM.)6i*n!X:cB<UM.)6i*n!X:cy<UM.)6i*n!X:cymUM.)6i*n!X:cy	UM.)6i*n!X:cyfUM.)6i*n!X:cy~UM.)6i*n!X:c;~UM.)6i*n!X:c;fUM.)6i*n!X:c;	UM.)6i*n!X:c;mUM.)6i*n!X:c;<UM.)6idn!XB<c<UM.)6idn!XB<cmUM.)6idn!XB<c	UM.)6idn!XB<cfUM.)6idn!XB<c:UM.)6idn!XB<c5UM.)6idn!XB<cmBUM.)6idn!XB<cm<UM.)6idn!XB<cB:UM.)6idn!XB<cBfUM.)6idn!XB<cB	UM.)6idn!XB<cBmUMXXXXMXXXXMXXXXMXXXXMXXXXMXXXXM.)6i%n!XB<c<UM
+MBXtcGZx]k1C7KCHXtcGZx]k1C7KzHXtcGZx]k1C7KBHXtcGZx]k1C7K|HXtcGZx]k1C7KKHXtcGZx]k1C7|KHXtcGZx]k1C7||HXtcGZx]k1C7|BHXtcGZx]k1C7|zHXtcGZx]k1C7|CHXtcGZx]k1C7BCHXtcGZx]k1C7BzHXtcGZx]k1C7BBHXtcGZx]k1C7B|HXtcGZx]k1C7BKHXtcGZU]k1K;7KHXtcGZU]k1K;7|HXtcGZU]k1K;7BHXtcGZU]k1K;7@HXtcGZU]k1K;7KKHXtcGZU]k1K;7K;HXtcGZU]k1K;7mmHXtcGZU]k1K;7m|HXtcGZU]k1K;7KzHXtcGZU]k1K;7K@HXtcGZU]k1K;7KBHXtcGZU]k1K;7K|HX1111X1111X1111X1111X1111X1111X1111X
;-RIVZhQL%b!lz^AEIVZhQL%b!lz^REIVZhQL%b!lz^-EIVZhQL%b!lz^<EIVZhQL%b!lz^CEIVZhQL%b!lz"CEIVZhQL%b!lz"<EIVZhQL%b!lz"-EIVZhQL%b!lz"REIVZhQL%b!lz"AEIVZhQL%b!lz7AEIVZhQL%b!lz7REIVZhQL%b!lz7-EIVZhQL%b!lz7<EIVZhQL%b!lz7CEIVZhQ %b!^Cz<-EIVZhQ %b!^Cz<REIVZhQ %b!^Cz<@EIVZhQ %b!^Cz"CEIVZhQ %b!^Cz"<EIVZhQ %b!^Cz""EIVZhQ %b!^Cz-7EIVZhQ %b!^Cz--EIVZhQ %b!^Cz-<EIVZhQ %b!^Cz-CEIVZhQ %b!^Cz"@EIVZhQ %b!^Cz"REI!!!!I!!!!I!!!!I!!!!I!!!!I!!!!IVZhQW%b!^Cz^EI
1tT,f <i~8G/;uS9",f <i~8G/;uS;",f <i~8G/;uSU",f <i~8G/;uSQ",f <i~8G/;uSS",f <i~8G/;uQS",f <i~8G/;uQQ",f <i~8G/;uQU",f <i~8G/;uQ;",f <i~8G/;uQ9",f <i~8G/;uU9",f <i~8G/;uU;",f <i~8G/;uUU",f <i~8G/;uUQ",f <i~8G/;uUS",f <i$8G/S!u=U",f <i$8G/S!u=T",f <i$8G/S!u=;",f <i$8G/S!uQS",f <i$8G/S!uQU",f <i$8G/S!uQt",f <i$8G/S!ut5",f <i$8G/S!utT",f <i$8G/S!utQ",f <i$8G/S!utS",f <i$8G/S!uQ;",f <i$8G/S!uQT",////,////,////,////,////,////,f <ib8G/S!u=",
:1fH0-(At2nYz+@1g<H0-(At2nYz+@1r<H0-(At2nYz+@11<H0-(At2nYz+@1s<H0-(At2nYz+@1+<H0-(At2nYz+@+<H0-(At2nYz+@s<H0-(At2nYz+@1<H0-(At2nYz+@r<H0-(At2nYz+@g<H0-(At2nYz+@sg<H0-(At2nYz+@sr<H0-(At2nYz+@s1<H0-(At2nYz+@ss<H0-(At2nYz+@s+<H0-(A~2nYzz@+<H0-(A~2nYzz@s<H0-(A~2nYzz@1<H0-(A~2nYzz@r<H0-(A~2nYzz@f<H0-(A~2nYzz@e<H0-(A~2nYzz@sz<H0-(A~2nYzz@s+<H0-(A~2nYzz@zf<H0-(A~2nYzz@zr<H0-(A~2nYzz@z1<H0-(A~2nYzz@zs<HYYYYHYYYYHYYYYHYYYYHYYYYHYYYYH0-(A.2nYzz@+<H
QO	%M<j9eq["S&]Ou4%M<j9eq["S&]O	4%M<j9eq["S&]Ov4%M<j9eq["S&]Of4%M<j9eq["S&]OS4%M<j9eq["S&]S4%M<j9eq["S&]f4%M<j9eq["S&]v4%M<j9eq["S&]	4%M<j9eq["S&]u4%M<j9eq["S&]}u4%M<j9eq["S&]}	4%M<j9eq["S&]}v4%M<j9eq["S&]}f4%M<j9eq["S&]}S4%M<j9Dq["SS]S4%M<j9Dq["SS]f4%M<j9Dq["SS]v4%M<j9Dq["SS]i4%M<j9Dq["SS]SS4%M<j9Dq["SS]S&4%M<j9Dq["SS]}}4%M<j9Dq["SS]}f4%M<j9Dq["SS]S	4%M<j9Dq["SS]Si4%M<j9Dq["SS]Sv4%M<j9Dq["SS]Sf4%""""%""""%""""%""""%""""%""""%""""%
l:,* kbAM7c-{{Pi9e* kbAM7c-{{Piae* kbAM7c-{{Piie* kbAM7c-{{PiCe* kbAM7c-{{Pi,e* kbAM7c-{{P,e* kbAM7c-{{PCe* kbAM7c-{{Pie* kbAM7c-{{Pae* kbAM7c-{{P9e* kbAM7c-{{PC9e* kbAM7c-{{PCae* kbAM7c-{{PCie* kbAM7c-{{PCCe* kbAM7c-{{PC,e* kbAG7c-{{PCie* kbAG7c-{{PCae* kbAG7c-{{PC~e* kbAG7c-{{P|,e* kbAG7c-{{P|Ce* kbAG7c-{{P||e* kbAG7c-{{Pi:e* kbAG7c-{{Piie* kbAG7c-{{PiCe* kbAG7c-{{Pi,e* kbAG7c-{{P|~e* kbAG7c-{{P|ae*----*----*----*----*----*----* kbA+7c-{{P{e*
"]w[{)^yR8	GwwcvXD[{)^yR8	GwwcvxD[{)^yR8	Gwwcv]D[{)^yR8	Gwwcv!D[{)^yR8	GwwcvwD[{)^yR8	GwwcwD[{)^yR8	Gwwc!D[{)^yR8	Gwwc]D[{)^yR8	GwwcxD[{)^yR8	GwwcXD[{)^yR8	GwwckXD[{)^yR8	GwwckxD[{)^yR8	Gwwck]D[{)^yR8	Gwwck!D[{)^yR8	GwwckwD[{)^yA8	Gwwck]D[{)^yA8	Gwwck,D[{)^yA8	GwwckxD[{)^yA8	Gwwc!wD[{)^yA8	Gwwc!]D[{)^yA8	Gwwc!vD[{)^yA8	GwwcvgD[{)^yA8	Gwwcv,D[{)^yA8	Gwwcv!D[{)^yA8	GwwcvwD[{)^yA8	Gwwc!xD[{)^yA8	Gwwc!,D[GGGG[GGGG[GGGG[GGGG[GGGG[GGGG[{)^y-8	GwwckD[
twn}*"2KZ.ho3ne=O}*"2KZ.ho3ne]O}*"2KZ.ho3necO}*"2KZ.ho3nenO}*"2KZ.ho3negO}*"2KZ.ho3nengO}*"2KZ.ho3nennO}*"2KZ.ho3nencO}*"2KZ.ho3nen]O}*"2KZ.ho3nen=O}*"2KZ.ho3nec=O}*"2KZ.ho3nec]O}*"2KZ.ho3neccO}*"2KZ.ho3necnO}*"2KZ.ho3necgO}*"2K_.ho3negO}*"2K_.ho3nenO}*"2K_.ho3necO}*"2K_.ho3ne]O}*"2K_.ho3neiO}*"2K_.ho3nepO}*"2K_.ho3nen3O}*"2K_.ho3nengO}*"2K_.ho3ne3iO}*"2K_.ho3ne3]O}*"2K_.ho3ne3cO}*"2K_.ho3ne3nO}oooo}oooo}oooo}oooo}oooo}oooo}*"2KU.ho3negO}
$NCBwO-by74ZfUT%GBwO-by74ZfUTaGBwO-by74ZfUTNGBwO-by74ZfUTCGBwO-by74ZfUTfGBwO-by74ZfUTUfGBwO-by74ZfUTUCGBwO-by74ZfUTUNGBwO-by74ZfUTUaGBwO-by74ZfUTU%GBwO-by74ZfUTI%GBwO-by74ZfUTIaGBwO-by74ZfUTINGBwO-by74ZfUTICGBwO-by74ZfUTIfGBwO-b,74ZfUTfGBwO-b,74ZfUTCGBwO-b,74ZfUTNGBwO-b,74ZfUTdGBwO-b,74ZfUTffGBwO-b,74ZfUTf	GBwO-b,74ZfUTUUGBwO-b,74ZfUTUCGBwO-b,74ZfUTfaGBwO-b,74ZfUTfdGBwO-b,74ZfUTfNGBwO-b,74ZfUTfCGBZZZZBZZZZBZZZZBZZZZBZZZZBZZZZBZZZZB
%RMD{g20CP+L<X?>mD{g20CP+L<X?-mD{g20CP+L<X?MmD{g20CP+L<X?&mD{g20CP+L<X?ZmD{g20CP+L<X?&ZmD{g20CP+L<X?&&mD{g20CP+L<X?&MmD{g20CP+L<X?&-mD{g20CP+L<X?&>mD{g20CP+L<X?M>mD{g20CP+L<X?M-mD{g20CP+L<X?MMmD{g20CP+L<X?M&mD{g20CP+L<X?MZmD{g20IP+L<&?&MmD{g20IP+L<&?&-mD{g20IP+L<&?&cmD{g20IP+L<&?XZmD{g20IP+L<&?X&mD{g20IP+L<&?XXmD{g20IP+L<&?MRmD{g20IP+L<&?MMmD{g20IP+L<&?M&mD{g20IP+L<&?MZmD{g20IP+L<&?XcmD{g20IP+L<&?X-mDLLLLDLLLLDLLLLDLLLLDLLLLDLLLLD{g20_P+L<&?<mD
yjjx<@e2n0VKL`PNix<@e2n0VKL`P\ix<@e2n0VKL`Pjix<@e2n0VKL`P`ix<@e2n0VKL`PLix<@e2n0VKL`PwLix<@e2n0VKL`Pw`ix<@e2n0VKL`Pwjix<@e2n0VKL`Pw\ix<@e2n0VKL`PwNix<@e2n0VKL`P	Nix<@e2n0VKL`P	\ix<@e2n0VKL`P	jix<@e2n0VKL`P	`ix<@e2n0VKL`P	Lix<@e2=0VKLwPwjix<@e2=0VKLwPw&ix<@e2=0VKLwPw\ix<@e2=0VKLwP`Lix<@e2=0VKLwP`jix<@e2=0VKLwP`	ix<@e2=0VKLwP	 ix<@e2=0VKLwP	&ix<@e2=0VKLwP	`ix<@e2=0VKLwP	Lix<@e2=0VKLwP`\ix<@e2=0VKLwP`&ixKKKKxKKKKxKKKKxKKKKxKKKKxKKKKx<@e2B0VKLwPwix
x "m9.,o3a&_RH[ ^Xm9.,o3a&_RH[ "Xm9.,o3a&_RH[ HXm9.,o3a&_RH[ NXm9.,o3a&_RH[ lXm9.,o3a&_RH[RlXm9.,o3a&_RH[RNXm9.,o3a&_RH[RHXm9.,o3a&_RH[R"Xm9.,o3a&_RH[R^Xm9.,o3a&_RH[J^Xm9.,o3a&_RH[J"Xm9.,o3a&_RH[JHXm9.,o3a&_RH[JNXm9.,o3a&_RH[JlXm9.,oFa&_RJ[lXm9.,oFa&_RJ[NXm9.,oFa&_RJ[HXm9.,oFa&_RJ["Xm9.,oFa&_RJ[ZXm9.,oFa&_RJ[GXm9.,oFa&_RJ[NRXm9.,oFa&_RJ[NlXm9.,oFa&_RJ[RZXm9.,oFa&_RJ[R"Xm9.,oFa&_RJ[RHXm9.,oFa&_RJ[RNXm____m____m____m____m____m____m9.,o>a&_RJ[lXm
3;~M.)6i*n!XB	c;:UM.)6i*n!XB	c;5UM.)6i*n!XB	c;;UM.)6i*n!XB	c;yUM.)6i*n!XB	c;BUM.)6i*n!XB	cBBUM.)6i*n!XB	cByUM.)6i*n!XB	cB;UM.)6i*n!XB	cB5UM.)6i*n!XB	cB:UM.)6i*n!XB	cy:UM.)6i*n!XB	cy5UM.)6i*n!XB	cy;UM.)6i*n!XB	cyyUM.)6i*n!XB	cyBUM.)6idn!XBycBUM.)6idn!XBycyUM.)6idn!XByc;UM.)6idn!XByc~UM.)6idn!XBycBBUM.)6idn!XBycB<UM.)6idn!XBycmmUM.)6idn!XBycmyUM.)6idn!XBycB5UM.)6idn!XBycB~UM.)6idn!XBycB;UM.)6idn!XBycByUMXXXXMXXXXMXXXXMXXXXMXXXXMXXXXMXXXXM
+BCXtcGZx]k1KB7B@HXtcGZx]k1KB7BNHXtcGZx]k1KB7BMHXtcGZx]k1KB7BmHXtcGZx]k1KB7B;HXtcGZx]k1KB7K;HXtcGZx]k1KB7KmHXtcGZx]k1KB7KMHXtcGZx]k1KB7KNHXtcGZx]k1KB7K@HXtcGZx]k1KB7|@HXtcGZx]k1KB7|NHXtcGZx]k1KB7|MHXtcGZx]k1KB7|mHXtcGZx]k1KB7|;HXtcGZU]k1K|7mMHXtcGZU]k1K|7mNHXtcGZU]k1K|7mCHXtcGZU]k1K|7|;HXtcGZU]k1K|7|mHXtcGZU]k1K|7||HXtcGZU]k1K|7MBHXtcGZU]k1K|7MMHXtcGZU]k1K|7MmHXtcGZU]k1K|7M;HXtcGZU]k1K|7|CHXtcGZU]k1K|7|NHX1111X1111X1111X1111X1111X1111XtcGZb]k1K|7KHX
;7lIVZhQL%b!^7z7@EIVZhQL%b!^7z7lEIVZhQL%b!^7z77EIVZhQL%b!^7z7"EIVZhQL%b!^7z7^EIVZhQL%b!^7z^^EIVZhQL%b!^7z^"EIVZhQL%b!^7z^7EIVZhQL%b!^7z^lEIVZhQL%b!^7z^@EIVZhQL%b!^7z"@EIVZhQL%b!^7z"lEIVZhQL%b!^7z"7EIVZhQL%b!^7z""EIVZhQL%b!^7z"^EIVZhQ %b!^"z<7EIVZhQ %b!^"z<AEIVZhQ %b!^"z<lEIVZhQ %b!^"z"^EIVZhQ %b!^"z"7EIVZhQ %b!^"z"-EIVZhQ %b!^"z-REIVZhQ %b!^"z-AEIVZhQ %b!^"z-"EIVZhQ %b!^"z-^EIVZhQ %b!^"z"lEIVZhQ %b!^"z"AEI!!!!I!!!!I!!!!I!!!!I!!!!I!!!!IVZhQW%b!^"z<EI
15!,f <i~8G/S=uST",f <i~8G/S=uS5",f <i~8G/S=uSt",f <i~8G/S=uS=",f <i~8G/S=uS!",f <i~8G/S=uQ!",f <i~8G/S=uQ=",f <i~8G/S=uQt",f <i~8G/S=uQ5",f <i~8G/S=uQT",f <i~8G/S=uUT",f <i~8G/S=uU5",f <i~8G/S=uUt",f <i~8G/S=uU=",f <i~8G/S=uU!",f <i$8G/Stu!",f <i$8G/Stu=",f <i$8G/Stut",f <i$8G/Stu5",f <i$8G/Stu9",f <i$8G/Stu;",f <i$8G/Stu=S",f <i$8G/Stu=!",f <i$8G/StuS9",f <i$8G/StuS5",f <i$8G/StuSt",f <i$8G/StuS=",////,////,////,////,////,////,f <ib8G/Stu!",
:rzH0-(At2nYzs@zf<H0-(At2nYzs@ze<H0-(At2nYzs@z&<H0-(At2nYzs@z!<H0-(At2nYzs@zz<H0-(At2nYzs@!z<H0-(At2nYzs@!!<H0-(At2nYzs@!&<H0-(At2nYzs@!e<H0-(At2nYzs@!f<H0-(At2nYzs@&f<H0-(At2nYzs@&e<H0-(At2nYzs@&&<H0-(At2nYzs@&!<H0-(At2nYzs@&z<H0-(A~2nYz1@z<H0-(A~2nYz1@!<H0-(A~2nYz1@&<H0-(A~2nYz1@g<H0-(A~2nYz1@zz<H0-(A~2nYz1@z+<H0-(A~2nYz1@ss<H0-(A~2nYz1@s!<H0-(A~2nYz1@ze<H0-(A~2nYz1@zg<H0-(A~2nYz1@z&<H0-(A~2nYz1@z!<HYYYYHYYYYHYYYYHYYYYHYYYYHYYYYHYYYYH
Q#}%M<j9eq["Sf]Si4%M<j9eq["Sf]S#4%M<j9eq["Sf]SO4%M<j9eq["Sf]S}4%M<j9eq["Sf]S&4%M<j9eq["Sf]f&4%M<j9eq["Sf]f}4%M<j9eq["Sf]fO4%M<j9eq["Sf]f#4%M<j9eq["Sf]fi4%M<j9eq["Sf]vi4%M<j9eq["Sf]v#4%M<j9eq["Sf]vO4%M<j9eq["Sf]v}4%M<j9eq["Sf]v&4%M<j9Dq["SO]}O4%M<j9Dq["SO]}#4%M<j9Dq["SO]}u4%M<j9Dq["SO]f&4%M<j9Dq["SO]f}4%M<j9Dq["SO]ff4%M<j9Dq["SO]Ov4%M<j9Dq["SO]OO4%M<j9Dq["SO]O}4%M<j9Dq["SO]O&4%M<j9Dq["SO]fu4%M<j9Dq["SO]f#4%""""%""""%""""%""""%""""%""""%M<j9@q["SO]S4%
la|* kbAM7c-{|P{~e* kbAM7c-{|P{(e* kbAM7c-{|P{:e* kbAM7c-{|P{|e* kbAM7c-{|P{{e* kbAM7c-{|P|{e* kbAM7c-{|P||e* kbAM7c-{|P|:e* kbAM7c-{|P|(e* kbAM7c-{|P|~e* kbAM7c-{|P:~e* kbAM7c-{|P:(e* kbAM7c-{|P::e* kbAM7c-{|P:|e* kbAM7c-{|P:{e* kbAG7c-{iPC:e* kbAG7c-{iPC9e* kbAG7c-{iPC(e* kbAG7c-{iP|{e* kbAG7c-{iP|:e* kbAG7c-{iP|ie* kbAG7c-{iPiae* kbAG7c-{iPi9e* kbAG7c-{iPi|e* kbAG7c-{iPi{e* kbAG7c-{iP|(e* kbAG7c-{iP|9e*----*----*----*----*----*----* kbA+7c-{iPCe*
"gv[{)^yR8	Gwvcv,D[{)^yR8	GwvcvgD[{)^yR8	GwvcvvD[{)^yR8	GwvcvkD[{)^yR8	Gwvcv_D[{)^yR8	Gwvc_D[{)^yR8	GwvckD[{)^yR8	GwvcvD[{)^yR8	GwvcgD[{)^yR8	Gwvc,D[{)^yR8	Gwvck,D[{)^yR8	GwvckgD[{)^yR8	GwvckvD[{)^yR8	GwvckkD[{)^yR8	Gwvck_D[{)^yA8	Gw]c_D[{)^yA8	Gw]ckD[{)^yA8	Gw]cvD[{)^yA8	Gw]cgD[{)^yA8	Gw]cXD[{)^yA8	Gw]cxD[{)^yA8	Gw]ckwD[{)^yA8	Gw]ck_D[{)^yA8	Gw]cwXD[{)^yA8	Gw]cwgD[{)^yA8	Gw]cwvD[{)^yA8	Gw]cwkD[GGGG[GGGG[GGGG[GGGG[GGGG[{)^yAk{y:|-?yA+c!D[{)^y-8	Gw]c_D[
t]w}*"2KZ.ho3ceciO}*"2KZ.ho3cecpO}*"2KZ.ho3cecwO}*"2KZ.ho3cec<O}*"2KZ.ho3cec3O}*"2KZ.ho3ce3O}*"2KZ.ho3ce<O}*"2KZ.ho3cewO}*"2KZ.ho3cepO}*"2KZ.ho3ceiO}*"2KZ.ho3ceniO}*"2KZ.ho3cenpO}*"2KZ.ho3cenwO}*"2KZ.ho3cen<O}*"2KZ.ho3cen3O}*"2K_.ho3we3O}*"2K_.ho3we<O}*"2K_.ho3wewO}*"2K_.ho3we=O}*"2K_.ho3we33O}*"2K_.ho3we3gO}*"2K_.ho3wennO}*"2K_.ho3wen<O}*"2K_.ho3we3pO}*"2K_.ho3we3=O}*"2K_.ho3we3wO}*"2K_.ho3we3<O}oooo}oooo}oooo}oooo}oooo}*"2K_n*K1>UPK_qenO}oooo}
$..BwO-by74ZfNTIdGBwO-by74ZfNTI.GBwO-by74ZfNTIIGBwO-by74ZfNTIUGBwO-by74ZfNTI	GBwO-by74ZfNT	GBwO-by74ZfNTUGBwO-by74ZfNTIGBwO-by74ZfNT.GBwO-by74ZfNTdGBwO-by74ZfNTUdGBwO-by74ZfNTU.GBwO-by74ZfNTUIGBwO-by74ZfNTUUGBwO-by74ZfNTU	GBwO-b,74ZfNTUIGBwO-b,74ZfNTU.GBwO-b,74ZfNTU%GBwO-b,74ZfNTC	GBwO-b,74ZfNTCUGBwO-b,74ZfNTCCGBwO-b,74ZfNTINGBwO-b,74ZfNTIIGBwO-b,74ZfNTIUGBwO-b,74ZfNTI	GBwO-b,74ZfNTC%GBwO-b,74ZfNTC.GBZZZZBZZZZBZZZZBZZZZBZZZZBwO-b,Uwb(60rb,nTfGBwO-b074ZfNTfGB
%->D{g20CP+L<R?McmD{g20CP+L<R?M^mD{g20CP+L<R?MRmD{g20CP+L<R?MXmD{g20CP+L<R?M<mD{g20CP+L<R?<mD{g20CP+L<R?XmD{g20CP+L<R?RmD{g20CP+L<R?^mD{g20CP+L<R?cmD{g20CP+L<R?&cmD{g20CP+L<R?&^mD{g20CP+L<R?&RmD{g20CP+L<R?&XmD{g20CP+L<R?&<mD{g20IP+L<R?&RmD{g20IP+L<R?&>mD{g20IP+L<R?&^mD{g20IP+L<R?X<mD{g20IP+L<R?XRmD{g20IP+L<R?XMmD{g20IP+L<R?M-mD{g20IP+L<R?M>mD{g20IP+L<R?MXmD{g20IP+L<R?M<mD{g20IP+L<R?X^mD{g20IP+L<R?X>mDLLLLDLLLLDLLLLDLLLLDLLLLD{g20I&{0l=_/0I ?ZmD{g20_P+L<R?&mD
