bJkb2vX2EJNo=3	amulmuRmuNmuJmuHmu m
3<M.)6id%n!X<c;UM.)6id%n!X<c	UM.)6id%n!X<c<UM.)6iKg	D]k17;HXtcGZUb]k1;7mHXtcGZUb]k1;7zHX
;^I!!!!I!!!!I!!!!I!!!!I!!!!IVZhQ 0{Dd%b!zCEI
1=,////,////,////,////,////,////,
:!H0-(A~.2nY+@r<H0-(A~.2nY+@g<H0-(A~.2nY+@z<H0-(A_`*rq["]S4%M<j9D@q["&]f4%M<j9D@q["&]u4%
li* kbAG+7c-{P:e* kbAG+7c-{Pie* kbAG+7c-{P,e* kbA"rST8	GckD[{)^yA-8	GwckD[{)^yA-8	GwcxD[
tw}oooo}oooo}oooo}oooo}oooo}*"2K_dH;9.hoe3O}
$.BZZZZBZZZZBZZZZBZZZZBZZZZBZZZZB
%>D{g20I_P+L<?-mD{g20I_P+L<?>mD{g20I_P+L<?<mD{g20lyb+0VKP`ix<@e2=B0VKLP`ix<@e2=B0VKLPNix
xZm9.,oF>a&_N[ Xm9.,oF>a&_N[HXm9.,oF>a&_N[lXm9.,o=-WQn!Xc	UM.)6id%n!XmcmUM.)6id%n!Xmc5UM
+zX1111X1111X1111X1111X1111XtcGZU0Wp2]k17mHX
;^CI!!!!I!!!!I!!!!I!!!!I!!!!I!!!!I
1SS,f <i$b8G/=u5",f <i$b8G/=uT",f <i$b8G/=uS",f <iI:9^2nY@&<H0-(A~.2nYs@!<H0-(A~.2nYs@f<H
QS}%M<j9D@q["f]v4%M<j9D@q["f]O4%M<j9D@q["f]&4%M<j9g|1V7c-Pae* kbAG+7c-|PCe* kbAG+7c-|P(e*
"w![GGGG[GGGG[GGGG[GGGG[GGGG[{)^yApt9a8	Gc!D[
t3c}oooo}oooo}oooo}oooo}oooo}oooo}
$fNBwO-b,074ZCT.GBwO-b,074ZCTdGBwO-b,074ZCTfGBwO-b(oK4P+L?>mD{g20I_P+LX?XmD{g20I_P+LX?cmD
yL x<@e2=B0VK	Pjix<@e2=B0VK	P	ix<@e2=B0VK	P5ix<@e2O*BOa&_[ZXm9.,oF>a&_H[NXm9.,oF>a&_H[GXm
3B~MXXXXMXXXXMXXXXMXXXXMXXXXM.)6idTwlSn!Xc	UM
+KCX1111X1111X1111X1111X1111X1111X
;^lIVZhQ W%b!-zREIVZhQ W%b!-zAEIVZhQ W%b!-z^EIVZhQrYwv8G/u;",f <i$b8G/tuQ",f <i$b8G/tu9",
:s+H0-(A~.2nY&@&<H0-(A~.2nY&@1<H0-(A~.2nY&@+<H0-(A_`*rq["]S&4%M<j9D@q["v]}4%M<j9D@q["v]	4%
lC{*----*----*----*----*----* kbAGK4jN7c-P:e*
"kk[GGGG[GGGG[GGGG[GGGG[GGGG[GGGG[
tn<}*"2K_U.howe]O}*"2K_U.howe=O}*"2K_U.howe3O}*"2K1N2h74ZTffGBwO-b,074ZNTCGBwO-b,074ZNT%GB
%&MD{g20I_P+L-?RmD{g20I_P+L-?MmD{g20I_P+L-?ZmD{g20lyb+0VKPLwix<@e2=B0VK Pwix<@e2=B0VK P\ix
xN m____m____m____m____m____m9.,oF\|1ia&_["Xm
3mfMXXXXMXXXXMXXXXMXXXXMXXXXMXXXXM
+m@XtcGZUb]k1N7NHXtcGZUb]k1N7@HXtcGZUb]k1N7KHXtcGZ"=wf%b!z^"EIVZhQ W%b!Rz"EIVZhQ W%b!Rz@EI
1=9,f <i$b8G/TuU",f <i$b8G/Tut",f <i$b8G/Tu!",f <iI:9^2nY@z1<H0-(A~.2nYg@s<H0-(A~.2nYg@e<H
Q}	%""""%""""%""""%""""%""""%M<j9D`RKpq["]i4%
l|,*----*----*----*----*----*----*
"!w[{)^yA-8	G,cgD[{)^yA-8	G,c,D[{)^yA-8	G,cwD[{)^y:/XR.hoe3wO}*"2K_U.ho=e<O}*"2K_U.ho=eiO}
$CUBZZZZBZZZZBZZZZBZZZZBZZZZBZZZZB
%XXDLLLLDLLLLDLLLLDLLLLDLLLLDLLLLD
y`	xKKKKxKKKKxKKKKxKKKKxKKKKxKKKKx
xJ m____m____m____m____m____m____m
3yfM.)6id%n!X:c;UM.)6id%n!X:c	UM.)6id%n!X:c<UM.)6iKg	D]k17KNHXtcGZUb]k1C7mHXtcGZUb]k1C7zHX
;"AI!!!!I!!!!I!!!!I!!!!I!!!!IVZhQ 0{Dd%b!z@EI
1Q9,////,////,////,////,////,////,
:!eH0-(A~.2nYf@r<H0-(A~.2nYf@g<H0-(A~.2nYf@z<H0-(A_`*rq["]Si4%M<j9D@q["u]f4%M<j9D@q["u]u4%
li,* kbAG+7c-(P:e* kbAG+7c-(Pie* kbAG+7c-(P,e* kbA"rST8	GcwXD[{)^yA-8	GxckD[{)^yA-8	GxcxD[
tc3}oooo}oooo}oooo}oooo}oooo}*"2K_dH;9.hoepO}
$IUBZZZZBZZZZBZZZZBZZZZBZZZZBZZZZB
%MXD{g20I_P+L^?-mD{g20I_P+L^?>mD{g20I_P+L^?<mD{g20lyb+0VKPL\ix<@e2=B0VK\P`ix<@e2=B0VK\PNix
xHHm9.,oF>a&_Rl[ Xm9.,oF>a&_Rl[HXm9.,oF>a&_Rl[lXm9.,o=-WQn!Xcm<UM.)6id%n!XB<cmUM.)6id%n!XB<c5UM
+MBX1111X1111X1111X1111X1111XtcGZU0Wp2]k17K;HX
;-RI!!!!I!!!!I!!!!I!!!!I!!!!I!!!!I
1tT,f <i$b8G/S!u5",f <i$b8G/S!uT",f <i$b8G/S!uS",f <iI:9^2nY@sz<H0-(A~.2nYz+@!<H0-(A~.2nYz+@f<H
QOu%M<j9D@q["SS]v4%M<j9D@q["SS]O4%M<j9D@q["SS]&4%M<j9g|1V7c-PCCe* kbAG+7c-{{PCe* kbAG+7c-{{P(e*
"vx[GGGG[GGGG[GGGG[GGGG[GGGG[{)^yApt9a8	GcwwD[
twg}oooo}oooo}oooo}oooo}oooo}oooo}
$NfBwO-b,074ZffT.GBwO-b,074ZffTdGBwO-b,074ZffTfGBwO-b(oK4P+L?&XmD{g20I_P+L<<?XmD{g20I_P+L<<?cmD
yjwx<@e2=B0VKLwPjix<@e2=B0VKLwP	ix<@e2=B0VKLwP5ix<@e2O*BOa&_[NHXm9.,oF>a&_RN[NXm9.,oF>a&_RN[GXm
3;yMXXXXMXXXXMXXXXMXXXXMXXXXM.)6idTwlSn!XcBmUM
+BMX1111X1111X1111X1111X1111X1111X
;77IVZhQ W%b!^<zREIVZhQ W%b!^<zAEIVZhQ W%b!^<z^EIVZhQrYwv8G/u=U",f <i$b8G/S=uQ",f <i$b8G/S=u9",
:&rH0-(A~.2nYz!@&<H0-(A~.2nYz!@1<H0-(A~.2nYz!@+<H0-(A_`*rq["]}#4%M<j9D@q["Sf]}4%M<j9D@q["Sf]	4%
l:9*----*----*----*----*----* kbAGK4jN7c-P{|e*
"]X[GGGG[GGGG[GGGG[GGGG[GGGG[GGGG[
twp}*"2K_U.ho3<e]O}*"2K_U.ho3<e=O}*"2K_U.ho3<e3O}*"2K1N2h74ZTUdGBwO-b,074ZfCTCGBwO-b,074ZfCT%GB
%-ZD{g20I_P+L<M?RmD{g20I_P+L<M?MmD{g20I_P+L<M?ZmD{g20lyb+0VKPwNix<@e2=B0VKL	Pwix<@e2=B0VKL	P\ix
x"Rm____m____m____m____m____m9.,oF\|1ia&_[RHXm
3fmMXXXXMXXXXMXXXXMXXXXMXXXXMXXXXM
+N|XtcGZUb]k1KM7NHXtcGZUb]k1KM7@HXtcGZUb]k1KM7KHXtcGZ"=wf%b!z<lEIVZhQ W%b!^-z"EIVZhQ W%b!^-z@EI
15t,f <i$b8G/SUuU",f <i$b8G/SUut",f <i$b8G/SUu!",f <iI:9^2nY@!+<H0-(A~.2nYz&@s<H0-(A~.2nYz&@e<H
Q#v%""""%""""%""""%""""%""""%M<j9D`RKpq["]Sv4%
laa*----*----*----*----*----*----*
"g,[{)^yA-8	Gw]cgD[{)^yA-8	Gw]c,D[{)^yA-8	Gw]cwD[{)^y:/XR.hoe<3O}*"2K_U.ho3we<O}*"2K_U.ho3weiO}
