gX7?vq2vX+M>2%Nxp5xpLxpwxp`xp	xpj
xlm9.,o=-WQn!Xc<UM.)6id%n!X<c;UM.)6id%n!X<cmUM.)6id%n!X<c<UM.)6id%n!X<c:UM.)6id%n!X<c	U
+KX1111X1111X1111X1111X1111X1111
;<I!!!!I!!!!I!!!!I!!!!I!!!!I!!!!
1Q,f <i$b8G/!u;",f <iI:9^2nY@z<H0-(A~.2nY+@!<H0-(A~.2nY+@z<H0-(A~.2nY+@g<H0-(A~.2nY+@r<
QO%M<j9g|1V7c-PCe* kbAG+7c-{P:e* kbAG+7c-{PCe* kbAG+7c-{P,e* kbAG+7c-{P~e* kbAG+7c-{Pie
"][GGGG[GGGG[GGGG[GGGG[GGGG[GGGG
t]}oooo}oooo}oooo}oooo}oooo}oooo
$dBwO-b,074ZfTaGBwO-b(oK4P+L?XmD{g20I_P+L<?XmD{g20I_P+L<?<mD{g20I_P+L<?>mD{g20I_P+L<?-m
yNx<@e2O*BOa&_[HXm9.,oF>a&_N[ Xm9.,oF>a&_N[NXm9.,oF>a&_N[lXm9.,oF>a&_N[ZXm9.,oF>a&_N[HX
35MXXXXMXXXXMXXXXMXXXXMXXXXMXXXX
+K;X1111X1111X1111X1111X1111X1111
;^^IVZhQ W%b!<zlEIVZhQrYwv8G/uU",f <i$b8G/=uQ",f <i$b8G/=uS",f <i$b8G/=uT",f <i$b8G/=u5"
:zsH0-(A_`*rq["]#4%M<j9D@q["f]v4%M<j9D@q["f]}4%M<j9D@q["f]&4%M<j9D@q["f]u4%M<j9D@q["f]O4
l{|*----*----*----*----*----*----
"wv[GGGG[GGGG[GGGG[GGGG[GGGG[GGGG
t3w}*"2K_U.ho<epO}*"2K1N2h74ZTdGBwO-b,074ZCTCGBwO-b,074ZCTfGBwO-b,074ZCTdGBwO-b,074ZCT.G
%<-D{g20lyb+0VKPNix<@e2=B0VK	Pjix<@e2=B0VK	Pwix<@e2=B0VK	P5ix<@e2=B0VK	PNix<@e2=B0VK	P	i
xR^m____m____m____m____m____m____
3B:MXXXXMXXXXMXXXXMXXXXMXXXXMXXXX
+KzXtcGZUb]k1M7zHXtcGZ"=wf%b!zlEIVZhQ W%b!-z"EIVZhQ W%b!-z^EIVZhQ W%b!-zAEIVZhQ W%b!-zRE
1=!,f <iI:9^2nY@z+<H0-(A~.2nY&@&<H0-(A~.2nY&@s<H0-(A~.2nY&@+<H0-(A~.2nY&@f<H0-(A~.2nY&@1<
Q}S%""""%""""%""""%""""%""""%""""
lCC*----*----*----*----*----*----
"k![{)^yA-8	G]cxD[{)^y:/XR.hoe33O}*"2K_U.howe<O}*"2K_U.howe3O}*"2K_U.howe=O}*"2K_U.howe]O
$UIBwO-b(oK4P+L?<&mD{g20I_P+L-?RmD{g20I_P+L-?&mD{g20I_P+L-?ZmD{g20I_P+L-?cmD{g20I_P+L-?Mm
ywjxKKKKxKKKKxKKKKxKKKKxKKKKxKKKK
xN"m____m____m____m____m____m____
3m~M.)6id%n!Xfc5UM.)6iKg	D]k17K|HXtcGZUb]k1N7|HXtcGZUb]k1N7KHXtcGZUb]k1N7@HXtcGZUb]k1N7NH
;<@IVZhQrYwv8G/uSt",f <i$b8G/TuU",f <i$b8G/Tu=",f <i$b8G/Tu!",f <i$b8G/Tu9",f <i$b8G/Tut"
:seHYYYYHYYYYHYYYYHYYYYHYYYYHYYYY
Qf&%""""%""""%""""%""""%""""%""""
l|{* kbAG+7c-9P(e* kbA"rST8	Gcw]D[{)^yA-8	G,c!D[{)^yA-8	G,cwD[{)^yA-8	G,c,D[{)^yA-8	G,cgD
t<n}oooo}oooo}oooo}oooo}oooo}oooo
$CCBZZZZBZZZZBZZZZBZZZZBZZZZBZZZZ
%XMDLLLLDLLLLDLLLLDLLLLDLLLLDLLLL
y`jxKKKKxKKKKxKKKKxKKKKxKKKKxKKKK
xJ"m9.,o=-WQn!XcBfUM.)6id%n!X:c;UM.)6id%n!X:cmUM.)6id%n!X:c<UM.)6id%n!X:c:UM.)6id%n!X:c	U
+|@X1111X1111X1111X1111X1111X1111
;"@I!!!!I!!!!I!!!!I!!!!I!!!!I!!!!
1Q;,f <i$b8G/9u;",f <iI:9^2nY@zg<H0-(A~.2nYf@!<H0-(A~.2nYf@z<H0-(A~.2nYf@g<H0-(A~.2nYf@r<
QO&%M<j9g|1V7c-P{~e* kbAG+7c-(P:e* kbAG+7c-(PCe* kbAG+7c-(P,e* kbAG+7c-(P~e* kbAG+7c-(Pie
"vw[GGGG[GGGG[GGGG[GGGG[GGGG[GGGG
tcn}oooo}oooo}oooo}oooo}oooo}oooo
$ICBwO-b,074ZaTaGBwO-b(oK4P+L?<^mD{g20I_P+L^?XmD{g20I_P+L^?<mD{g20I_P+L^?>mD{g20I_P+L^?-m
y		x<@e2O*BOa&_[NlXm9.,oF>a&_Rl[ Xm9.,oF>a&_Rl[NXm9.,oF>a&_Rl[lXm9.,oF>a&_Rl[ZXm9.,oF>a&_Rl[HX
3	;MXXXXMXXXXMXXXXMXXXXMXXXXMXXXX
+MNX1111X1111X1111X1111X1111X1111
;-AIVZhQ W%b!^CzlEIVZhQrYwv8G/u=S",f <i$b8G/S!uQ",f <i$b8G/S!uS",f <i$b8G/S!uT",f <i$b8G/S!u5"
:1fH0-(A_`*rq["]}}4%M<j9D@q["SS]v4%M<j9D@q["SS]}4%M<j9D@q["SS]&4%M<j9D@q["SS]u4%M<j9D@q["SS]O4
li(*----*----*----*----*----*----
"]_[GGGG[GGGG[GGGG[GGGG[GGGG[GGGG
tw3}*"2K_U.ho33epO}*"2K1N2h74ZTUCGBwO-b,074ZffTCGBwO-b,074ZffTfGBwO-b,074ZffTdGBwO-b,074ZffT.G
%R&D{g20lyb+0VKPw	ix<@e2=B0VKLwPjix<@e2=B0VKLwPwix<@e2=B0VKLwP5ix<@e2=B0VKLwPNix<@e2=B0VKLwP	i
x Jm____m____m____m____m____m____
3;	MXXXXMXXXXMXXXXMXXXXMXXXXMXXXX
+BBXtcGZUb]k1Km7zHXtcGZ"=wf%b!z<7EIVZhQ W%b!^<z"EIVZhQ W%b!^<z^EIVZhQ W%b!^<zAEIVZhQ W%b!^<zRE
1U5,f <iI:9^2nY@sr<H0-(A~.2nYz!@&<H0-(A~.2nYz!@s<H0-(A~.2nYz!@+<H0-(A~.2nYz!@f<H0-(A~.2nYz!@1<
Qvi%""""%""""%""""%""""%""""%""""
l:~*----*----*----*----*----*----
"]x[{)^yA-8	Gw!cxD[{)^y:/XR.hoen=O}*"2K_U.ho3<e<O}*"2K_U.ho3<e3O}*"2K_U.ho3<e=O}*"2K_U.ho3<e]O
$.	BwO-b(oK4P+L?&cmD{g20I_P+L<M?RmD{g20I_P+L<M?&mD{g20I_P+L<M?ZmD{g20I_P+L<M?cmD{g20I_P+L<M?Mm
y LxKKKKxKKKKxKKKKxKKKKxKKKKxKKKK
x"Nm____m____m____m____m____m____
3fyM.)6id%n!XB	c5UM.)6iKg	D]k17mzHXtcGZUb]k1KM7|HXtcGZUb]k1KM7KHXtcGZUb]k1KM7@HXtcGZUb]k1KM7NH
;R-IVZhQrYwv8G/uQ!",f <i$b8G/SUuU",f <i$b8G/SUu=",f <i$b8G/SUu!",f <i$b8G/SUu9",f <i$b8G/SUut"
:r&HYYYYHYYYYHYYYYHYYYYHYYYYHYYYY
Q##%""""%""""%""""%""""%""""%""""
la9* kbAG+7c-{:P(e* kbA"rST8	Gc!wD[{)^yA-8	Gw]c!D[{)^yA-8	Gw]cwD[{)^yA-8	Gw]c,D[{)^yA-8	Gw]cgD
