ZeLw552=Bd=$Eo5Ho,RmulmuRmuNmuJmuHmu mu"mu^muZmuGmuRlmuRRmuRNmuRJmuRHmuR muR"muR^muRZmuRGmuNlmuNRmuNNmuNJmuNHmuN muN"muN^muNZmuNGmuJlmuJRmuJNmuJJm
3<M.)6i*n!X<cyUM.)6i*n!X<cmUM.)6i*n!X<c<UM.)6i*n!XBc<UM.)6i*n!XBcmUM.)6i*n!XBcyUM.)6i*n!XmcyUM.)6i*n!XmcmUM.)6i*n!Xmc<UM.)6i*n!Xyc<UM.)6i*n!XycmUM.)6i*n!XycyUMXXXXMXXXXMXXXXMXXXXM.)6id%n!X<c	UM.)6id%n!X<cmUM.)6id%n!X<c<UM.)6id%n!Xmc<UM.)6id%n!XmcmUM.)6id%n!Xmc	UMXXXXMXXXXM.)6id%n!XmcymUM.)6id%n!Xmcy<UM.)6id%n!Xmcm:UM.)6id8iKt8.in%-b7;HXtcGZU[Zy"a[tZ]bYhzCEI!!!!I!!!!IVZhQ /QFrg/VQ%WmNuS",f <i$XiIDXfi8b)e@z<H0-(A~\Jn[2nY+@+<H
QS%M<j9eq["&]v4%M<j9eq["&]O4%M<j9eq["&]S4%M<j9eq["S]S4%M<j9eq["S]O4%M<j9eq["S]v4%M<j9eq["}]v4%M<j9eq["}]O4%M<j9eq["}]S4%M<j9eq["f]S4%M<j9eq["f]O4%M<j9eq["f]v4%""""%""""%""""%M<j9D@q["&]#4%M<j9D@q["&]v4%M<j9D@q["&]f4%M<j9D@q["&]S4%M<j9D@q["}]S4%M<j9D@q["}]f4%M<j9D@q["}]v4%M<j9D@q["}]#4%M<j9D@q["}]fO4%M<j9D@q["}]ff4%M<j9D@q["}]fS4%M<j9D@q["}]}	4%M<j9D_9W@Q\McUP,e*----*----*----*----* kbAGdAU+lwR	'cwD[GGGG[
tn}*"2KZ.hogepO}*"2KZ.hogeiO}*"2KZ.hoge]O}*"2KZ.ho3e]O}*"2KZ.ho3eiO}*"2KZ.ho3epO}*"2KZ.honepO}*"2KZ.honeiO}*"2KZ.hone]O}*"2KZ.ho<e]O}*"2KZ.ho<eiO}*"2KZ.ho<epO}oooo}oooo}oooo}oooo}*"2K_U.hoge33O}*"2K_U.hogepO}*"2K_U.hoge=O}*"2K_U.hone=O}*"2K_U.honepO}*"2K_U.hone33O}oooo}oooo}*"2K_U.hone<pO}*"2K_U.hone<=O}*"2K_U.hone<wO}*"2KUhPK1VC*K.UqmT	GBwO-b04rbg(_9wb70n[?ZmDLLLLDLLLLD{g20_+/0Nl"u{0P_ :PLix<@e2BVd2O},<20BHE[RXm____m
3yM.)6i*n!X<cBBUM.)6i*n!X<cB<UM.)6i*n!X<c~UM.)6i*n!XBc~UM.)6i*n!XBcB<UM.)6i*n!XBcBBUM.)6i*n!XmcBBUM.)6i*n!XmcB<UM.)6i*n!Xmc~UM.)6i*n!Xyc~UM.)6i*n!XycB<UM.)6i*n!XycBBUMXXXXMXXXXMXXXXM.)6id%n!X<cByUM.)6id%n!X<cBmUM.)6id%n!X<cB<UM.)6id%n!X<c:UM.)6id%n!Xmc:UM.)6id%n!XmcB<UM.)6id%n!XmcBmUM.)6id%n!XmcByUM.)6id%n!Xmc	BUM.)6id%n!Xmc	<UM.)6id%n!Xmcy:UM.)6id%n!XmcyfUM.)6i%!+i(%3bxk`7;HXtcGZbhQLN<i8b)e@+<HYYYYHYYYYH0-(A.a9e\bA7+TwcwD[{)^y-	?y'-"PZh\e3O}*"2K_C\hP.hoge3O}
$IBwO-by74Z	TfNGBwO-by74Z	TfIGBwO-by74Z	TfUGBwO-by74ZfTfUGBwO-by74ZfTfIGBwO-by74ZfTfNGBwO-by74ZUTfNGBwO-by74ZUTfIGBwO-by74ZUTfUGBwO-by74ZCTfUGBwO-by74ZCTfIGBwO-by74ZCTfNGBZZZZBZZZZBZZZZBZZZZBwO-b,074Z	TCUGBwO-b,074Z	TC	GBwO-b,074Z	TU%GBwO-b,074ZfTfIGBwO-b,074ZfTf.GBwO-b,074ZfTf%GBZZZZBZZZZBwO-b,074ZCTf%GBwO-b,074ZCTf.GBwO-b,074ZCTfIGBwO-b0[0l"u{0P_ :P5ix<@e2BEo	=M59oa>Syc<UMXXXXMXXXXM.)6i%bZy"a[tZ]bYhz^EIVZhQWNiIDXfi8b)e@z<H0-(A~\Jn[2nYz@+<H
Qv%M<j9eq["&]Si4%M<j9eq["&]S#4%M<j9eq["&]Sf4%M<j9eq["S]Sf4%M<j9eq["S]S#4%M<j9eq["S]Si4%M<j9eq["}]Si4%M<j9eq["}]S#4%M<j9eq["}]Sf4%M<j9eq["f]Sf4%M<j9eq["f]S#4%M<j9eq["f]Si4%""""%""""%""""%M<j9D@q["&]fO4%M<j9D@q["&]ff4%M<j9D@q["&]fS4%M<j9D@q["&]}	4%M<j9D@q["S]Sv4%M<j9D@q["S]Si4%M<j9D@q["S]S	4%M<j9D@q["S]}&4%M<j9D@q["f]}&4%M<j9D@q["f]S	4%M<j9D@q["f]Si4%M<j9D@q["f]Sv4%M<j9@\AU+lwR	'c_D[{)^y-	?yRP2K.UqmT	GBZZZZBZZZZBwO-b04rby[20P_ :PLix<@e2BEoP>xy*!(cBUMXXXXM
+NXtcGZx]k1;7mKHXtcGZx]k1;7m;HXtcGZx]k1;7KCHXtcGZx]k1K7KCHXtcGZx]k1K7m;HXtcGZx]k1K7mKHXtcGZx]k1m7mKHXtcGZx]k1m7m;HXtcGZx]k1m7KCHXtcGZx]k1|7KCHXtcGZx]k1|7m;HXtcGZx]k1|7mKHX1111X1111X1111X1111XtcGZUb]k1;7|zHXtcGZUb]k1;7|@HXtcGZUb]k1;7|BHXtcGZUb]k1K7mKHXtcGZUb]k1K7m|HXtcGZUb]k1K7mBHX1111X1111XtcGZUb]k1|7mBHXtcGZUb]k1|7m|HXtcGZUb]k1|7mKHXtcGZ"hF%%b!z77EIVZhQrNP88G/uUt",////,////,f <i<fs0)8G/u!",f <i<fs0)8G/uQ",f <i$XEG\8G/SuS",
:gH0-(At2nY+@s!<H0-(At2nY+@ss<H0-(At2nY+@ze<H0-(At2nYz@ze<H0-(At2nYz@ss<H0-(At2nYz@s!<H0-(At2nYs@s!<H0-(At2nYs@ss<H0-(At2nYs@ze<H0-(At2nY!@ze<H0-(At2nY!@ss<H0-(At2nY!@s!<HYYYYHYYYYHYYYYH0-(A~.2nY+@1z<H0-(A~.2nY+@1+<H0-(A~.2nY+@!f<H0-(A~.2nY+@!r<H0-(A~.2nYz@ss<H0-(A~.2nYz@s1<H0-(A~.2nYz@sr<H0-(A~.2nYz@sg<H0-(A~.2nY!@sg<H0-(A~.2nY!@sr<H0-(A~.2nY!@s1<H0-(A~.2nY!@ss<H0-(A_a?qq["]f	4%M<j9g\s77c-P|~e*----* kbAJGfw{|$8	GcXD[{)^y?A|P*>,.hoenO}*"2KP_>mw6#74ZTfIGBwO-br,6[{=AP+L?&ZmD
yNx<@e2<dn$0VK5P	ix<@e2<dn$0VK5Pwix<@e2<dn$0VK5P5ix<@e2<dn$0VKwP5ix<@e2<dn$0VKwPwix<@e2<dn$0VKwP	ix<@e2<dn$0VKLP	ix<@e2<dn$0VKLPwix<@e2<dn$0VKLP5ix<@e2<dn$0VK`P5ix<@e2<dn$0VK`Pwix<@e2<dn$0VK`P	ixKKKKxKKKKxKKKKx<@e2OE	aa&_[lXm9.,o=y]nn!XcBUM.)6iKby]]k17mHXtcGZ"hF%%b!z"EIVZhQrNP88G/ut",f <iIeq22nY@&<H0-(A_a?qq["]#4%M<j9g\s77c-P9e* kbA"wN88	Gc!kD[{)^y:P[..hoe<<O}*"2K1mg774ZTCIGBwO-b([NPP+L?XRmD{g20l:Z00VKP` ix<@e2OE	aa&_[J^Xm____m9.,o@F+y.A\n!XcBUM.)6i+dAbtf/]k17;HXtcGZPUfhV`i%b!z^<EIVZhQy `Nfs08G/uSQ",
:eH0-(A0[tP2nY+@&<H0-(A0[tP2nY+@!<H0-(A0[tP2nY+@z<H0-(A0[tP2nYs@z<H0-(A0[tP2nYs@!<H0-(A0[tP2nYs@&<H0-(A0[tP2nYz@&<H0-(A0[tP2nYz@!<H0-(A0[tP2nYz@z<H0-(A0[tP2nY!@z<H0-(A0[tP2nY!@!<H0-(A0[tP2nY!@&<HYYYYHYYYYHYYYYH0-(A_a?qq["]S#4%M<j9g\s77c-P{9e* kbA"wN88	GcwXD[{)^y:P[..hoe3pO}*"2K1mg774ZTU	GBwO-b([NPP+L?&<mD{g20l:Z00VKPwwix<@e2OE	aa&_[NJXm9.,o=y]nn!Xc	:UM.)6iKby]]k17MzHXtcGZ"hF%%b!z7CEIVZhQrNP88G/uUS",f <iIeq22nY@&s<H0-(A_a?qq["]vf4%""""%M<j9aDA\ fW7c-P9e* kbAJGfw{|$8	GcgD[{)^y?A|P*>,.hoe3iO}*"2KP_>mw6#74ZTfaGB
%<ZD{g20{/C=P+LZ?<ZmD{g20{/C=P+LZ?cmD{g20{/C=P+LZ?-mD{g20{/C=P+L&?-mD{g20{/C=P+L&?cmD{g20{/C=P+L&?<ZmD{g20{/C=P+L<?<ZmD{g20{/C=P+L<?cmD{g20{/C=P+L<?-mD{g20{/C=P+LX?-mD{g20{/C=P+LX?cmD{g20{/C=P+LX?<ZmDLLLLDLLLLDLLLLD{g20l:Z00VKPw	ix<@e2OE	aa&_[N Xm9.,o=y]nn!XcmfUM.)6iKby]]k17m@HXtcGZ"hF%%b!z<@EIVZhQrNP88G/u=;",f <iIeq22nY@!+<H0-(A_a?qq["]fS4%M<j9g\s77c-P:ae* kbA"wN88	Gc],D[{)^y:P[..hoewiO}*"2K1mg774ZTNaGBwO-b([NPP+L?-ZmD{g20l:Z00VKP LixKKKKx<@e2d=$E9+Ua&_[RlXm9.,o@F+y.A\n!Xc5UM.)6i+dAbtf/]k17mKHXtcGZPUfhV`i%b!z<<EI
1SS,f <if\~s8G/!uSS",f <if\~s8G/!u;",f <if\~s8G/!uT",f <if\~s8G/=uT",f <if\~s8G/=u;",f <if\~s8G/=uSS",f <if\~s8G/SuSS",f <if\~s8G/Su;",f <if\~s8G/SuT",f <if\~s8G/QuT",f <if\~s8G/Qu;",f <if\~s8G/QuSS",////,////,////,f <iIeq22nY@f<H0-(A_a?qq["]	4%M<j9g\s77c-P{,e* kbA"wN88	GcwwD[{)^y:P[..hoe3nO}*"2K1mg774ZTfCGBwO-b([NPP+L?<MmD{g20l:Z00VKPLjix<@e2OE	aa&_[HlXm9.,o=y]nn!Xc	BUM.)6iKby]]k17MmHXtcGZ"hF%%b!z-"EIVZhQrNP88G/utt",f <iIeq22nY@1&<HYYYYH0-(A[~PaMAxq["]O4%M<j9aDA\ fW7c-P|e* kbAJGfw{|$8	Gcw]D[{)^y?A|P*>,.hoe3]O}
$fUBwO-by74Z	TINGBwO-by74Z	TIIGBwO-by74Z	TIUGBwO-by74ZfTIUGBwO-by74ZfTIIGBwO-by74ZfTINGBwO-by74ZUTINGBwO-by74ZUTIIGBwO-by74ZUTIUGBwO-by74ZCTIUGBwO-by74ZCTIIGBwO-by74ZCTINGBZZZZBZZZZBZZZZBZZZZBwO-b,074ZfTffGBwO-b,074ZfTaGBwO-b,074ZfTdGBwO-b,074ZfTCNGBwO-b,074ZfTCdGBwO-b,074ZfTCaGBZZZZBZZZZBwO-b,074ZCTCaGBwO-b,074ZCTCdGBwO-b,074ZCTCNGBwO-b([NPP+L?M>mD{g20l:Z00VKP	 ixKKKKx<@e2d=$E9+Ua&_[RRXm9.,o@F+y.A\n!Xc;UM.)6i+dAbtf/]k17K@HXtcGZPUfhV`i%b!z<"EI
1SQ,f <i~8G/!utT",f <i~8G/!ut5",f <i~8G/!utQ",f <i~8G/SutQ",f <i~8G/Sut5",f <i~8G/SutT",f <i~8G/=utT",f <i~8G/=ut5",f <i~8G/=utQ",f <i~8G/QutQ",f <i~8G/Qut5",f <i~8G/QutT",////,////,////,f <i$b8G/SuSQ",f <i$b8G/SuS=",f <i$b8G/SuS!",f <i$b8G/Su9",f <i$b8G/SuQ5",f <i$b8G/SuQ9",f <i$b8G/Sut!",f <i$b8G/SutS",f <i$b8G/QutS",f <i$b8G/Qut!",f <i$b8G/QuQ9",f <i$b8G/QuQ5",f <iIeq22nY@r!<H0-(A_a?qq["]#}4%""""%""""%M<j9jMAxnq["]}4%M<j9jMAxnq["]S4%M<j9D_W[aq["f]S4%
l{i* kbAM7c-,P|(e* kbAM7c-,P|~e* kbAM7c-,P|ae* kbAM7c-{P|ae* kbAM7c-{P|~e* kbAM7c-{P|(e* kbAM7c-CP|(e* kbAM7c-CP|~e* kbAM7c-CP|ae* kbAM7c-|P|ae* kbAM7c-|P|~e* kbAM7c-|P|(e*----*----*----*----* kbAG+7c-{Pie* kbAG+7c-{PCe* kbAG+7c-{P,e* kbAG+7c-{PC~e* kbAG+7c-{P|,e* kbAG+7c-{P|Ce*----*----* kbAG+7c-|P|Ce* kbAG+7c-|P|,e* kbAG+7c-|PC~e* kbA+wy'-"PZh\enO}*"2KUhPKZm-b70n[?&mDLLLLDLLLLD{g20_+/0C:e20BHE[JXm9.,o>yi(%3bxk`7|HX1111X
;^7IVZhQL%b!Cz-^EIVZhQL%b!Cz-CEIVZhQL%b!Cz"AEIVZhQL%b!^z"AEIVZhQL%b!^z-CEIVZhQL%b!^z-^EIVZhQL%b!<z-^EIVZhQL%b!<z-CEIVZhQL%b!<z"AEIVZhQL%b!"z"AEIVZhQL%b!"z-CEIVZhQL%b!"z-^EI!!!!I!!!!I!!!!IVZhQ W%b!^zREIVZhQ W%b!^z7EIVZhQ W%b!^z"EIVZhQ W%b!^z^EIVZhQ W%b!^z<lEIVZhQ W%b!^z"^EIVZhQ W%b!^z""EIVZhQ W%b!^z"-EIVZhQ W%b!"z"-EIVZhQ W%b!"z""EIVZhQ W%b!"z"^EIVZhQ W%b!"z<lEIVZhQWNiIDXfi8b)e@s<H0-(A.a9?gT_M9q@n\PCe*----*----* kbA+wyN: ({y8-+Pe<O}*"2KUmb(_9wb70n[?XmD{g20Iu(+/P+LX?ZmD
yL x<@e2n0VK5P``ix<@e2n0VK5P`wix<@e2n0VK5P`5ix<@e2n0VKLP`5ix<@e2n0VKLP`wix<@e2n0VKLP``ix<@e2n0VKwP``ix<@e2n0VKwP`wix<@e2n0VKwP`5ix<@e2n0VK`P`5ix<@e2n0VK`P`wix<@e2n0VK`P``ixKKKKxKKKKxKKKKxKKKKx<@e2=B0VK5Pwjix<@e2=B0VK5Pw`ix<@e2=B0VK5PwLix<@e2=B0VKwPwLix<@e2=B0VKwPw`ix<@e2=B0VKwPwjixKKKKxKKKKx<@e2=B0VK`PLLix<@e2=B0VK`P\ix<@e2=B0VK`P&ix<@e2BVd2WByE3&P[NXm9.,o>yi*bGZ]bYhz<EI!!!!I!!!!IVZhQWNi~e(A2.va]f4%M<j9@[a9W@Q\McUP|e* kbAGdUcJ7c-CP{e*
"w,[{)^yR8	G_c!]D[{)^yR8	G_c!vD[{)^yR8	G_c!wD[{)^yR8	Gwc!wD[{)^yR8	Gwc!vD[{)^yR8	Gwc!]D[{)^yR8	Gkc!]D[{)^yR8	Gkc!vD[{)^yR8	Gkc!wD[{)^yR8	G!c!wD[{)^yR8	G!c!vD[{)^yR8	G!c!]D[GGGG[GGGG[GGGG[{)^yA-8	G_ck,D[{)^yA-8	G_ckgD[{)^yA-8	G_ckvD[{)^yA-8	G_ckkD[{)^yA-8	GkckkD[{)^yA-8	GkckvD[{)^yA-8	GkckgD[{)^yA-8	Gkck,D[{)^yA-8	G!cw!D[{)^yA-8	G!cwkD[{)^yA-8	G!cw_D[{)^yA-8	G!cXD[{)^y-	?y: ({y8-+PenO}*"2KUhPK[1VC*K.UqmTUGBZZZZBZZZZBwO-b04rbg(_9wb70n[?XmD{g20_+/0l"u{0P_ :P`ixKKKKx
xRZm9.,o3a&_l[N^Xm9.,o3a&_l[N"Xm9.,o3a&_l[NHXm9.,o3a&_R[NHXm9.,o3a&_R[N"Xm9.,o3a&_R[N^Xm9.,o3a&_N[N^Xm9.,o3a&_N[N"Xm9.,o3a&_N[NHXm9.,o3a&_J[NHXm9.,o3a&_J[N"Xm9.,o3a&_J[N^Xm____m____m____m____m9.,oF>a&_l[RZXm9.,oF>a&_l[R"Xm9.,oF>a&_l[RHXm9.,oF>a&_N[RHXm9.,oF>a&_N[R"Xm9.,oF>a&_N[RZXm____m____m9.,oF>a&_J[HXm9.,oF>a&_J[NXm9.,oF>a&_J[lXm9.,oF5oP>xy*!(cmUMXXXXMXXXXMXXXXMXXXXM.)6id8i(%3bxk`7|HX1111X
;^lIVZhQL%b!Cz<lEIVZhQL%b!Cz<@EIVZhQL%b!Cz<7EIVZhQL%b!^z<7EIVZhQL%b!^z<@EIVZhQL%b!^z<lEIVZhQL%b!<z<lEIVZhQL%b!<z<@EIVZhQL%b!<z<7EIVZhQL%b!"z<7EIVZhQL%b!"z<@EIVZhQL%b!"z<lEI!!!!I!!!!I!!!!IVZhQ W%b!Cz<CEIVZhQ W%b!Cz^lEIVZhQ W%b!Cz^AEIVZhQ W%b!Cz^7EIVZhQ W%b!<z^7EIVZhQ W%b!<z^AEIVZhQ W%b!<z^lEIVZhQ W%b!<z<CEIVZhQ W%b!"zREIVZhQ W%b!"z7EIVZhQ W%b!"z"EIVZhQ W%b!"z^EIVZhQ /Qrg/VQ%WmNu=",f <i$XiPIDXfi8b)e@s<HYYYYHYYYYH0-(A~\Aq_W\0A2.va]f4%M<j9D_9gT_M9q@n\P|e* kbAGdUcJ7c-CP,e*
