+MJkxp5xpLxpwxp`xp	xpjxp xp&xpNxp\xpL5xpLLxpLwxpL`xpL	xpLjxpL xpL&xpLNxpL\xpw5xpwLxpwwxpw`xpw	xpwjxpw xpw&xpwNxpw\xp`5xp`Lxp`wxp``xp`	xp`jxp` xp`&xp`Nxp`\xp	5xp	Lxp	wxp	`xp		xp	jxp	 xp	&xp	Nxp	\xpj5xpjLxpjwxpj`xpj	xpjjxpj xpj&xpjNxpj\xp 5xp Lxp wxp `xp 	xp jxp  xp &xp Nxp \xp&5xp&Lxp&wxp&`xp&	xp&jxp& xp&&xp&Nxp&\xpN5xpNLxpNwxpN`xpN	xpNjxpN xpN&xpNNxpN\xp\5xp\Lxp\wxp\`xp\	xp\jxp\ xp\&xp\Nxp\\xpL55xpL5LxpL5wxpL5`xpL5	xpL5jxpL5 xpL5&x
xlm____m9.,o3a&_l[^Xm9.,o3a&_l["Xm9.,o3a&_l[HXm9.,o3a&_l[NXm9.,o3a&_l[lXm9.,o3a&_l[NlXm9.,o3a&_l[NNXm9.,o3a&_l[NHXm9.,o3a&_l[N"Xm9.,o3a&_l[N^Xm9.,o3a&_l[H^Xm9.,o3a&_l[H"Xm9.,o3a&_l[HHXm9.,o3a&_l[HNXm9.,o3a&_l[HlXm____m9.,oFa&_l[lXm9.,oFa&_l[NXm9.,oFa&_l[HXm9.,oFa&_l["Xm9.,oFa&_l[^Xm9.,oFa&_R[^Xm9.,oFa&_R["Xm9.,oFa&_R[HXm9.,oFa&_R[NXm9.,oFa&_R[lXm____m____m____m____m____m____m____m____m____m____m____m____m____m____m____m____m____m____m____m____m____m____m____m____m____m____m____m____m____m____m____m____m____m____m____m____m____m____m____m____m____m____m____m____m____m____m____m____m____m____m____m____m____m____m____m____m____m____m____m____m____m____m____m____m____m____m____m____m____m____m____m____m____m____m____m____m____m____m____m____m____m
3BMXXXXM.)6i*n!X<c:UM.)6i*n!X<c5UM.)6i*n!X<c;UM.)6i*n!X<cyUM.)6i*n!X<cBUM.)6i*n!X<cmBUM.)6i*n!X<cmyUM.)6i*n!X<cm;UM.)6i*n!X<cm5UM.)6i*n!X<cm:UM.)6i*n!X<c	:UM.)6i*n!X<c	5UM.)6i*n!X<c	;UM.)6i*n!X<c	yUM.)6i*n!X<c	BUMXXXXM.)6idn!X<cBUM.)6idn!X<cyUM.)6idn!X<c;UM.)6idn!X<c5UM.)6idn!X<c:UM.)6idn!XBc:UM.)6idn!XBc5UM.)6idn!XBc;UM.)6idn!XBcyUM.)6idn!XBcBUMXXXXMXXXXMXXXXMXXXXMXXXXMXXXXMXXXXMXXXXMXXXXMXXXXMXXXXMXXXXMXXXXMXXXXMXXXXMXXXXMXXXXMXXXXMXXXXMXXXXMXXXXMXXXXMXXXXMXXXXMXXXXMXXXXMXXXXMXXXXMXXXXMXXXXMXXXXMXXXXMXXXXMXXXXMXXXXMXXXXMXXXXMXXXXMXXXXMXXXXMXXXXMXXXXMXXXXMXXXXMXXXXMXXXXMXXXXMXXXXMXXXXMXXXXMXXXXMXXXXMXXXXMXXXXMXXXXMXXXXMXXXXMXXXXMXXXXMXXXXMXXXXMXXXXMXXXXMXXXXMXXXXMXXXXMXXXXMXXXXMXXXXMXXXXMXXXXMXXXXMXXXXMXXXXMXXXXMXXXXMXXXXMXXXXMXXXXMXXXXMXXXXM
+mX1111XtcGZx]k1K7@HXtcGZx]k1K7NHXtcGZx]k1K7MHXtcGZx]k1K7mHXtcGZx]k1K7;HXtcGZx]k1K7m;HXtcGZx]k1K7mmHXtcGZx]k1K7mMHXtcGZx]k1K7mNHXtcGZx]k1K7m@HXtcGZx]k1K7M@HXtcGZx]k1K7MNHXtcGZx]k1K7MMHXtcGZx]k1K7MmHXtcGZx]k1K7M;HX1111XtcGZU]k1m7;HXtcGZU]k1m7mHXtcGZU]k1m7MHXtcGZU]k1m7NHXtcGZU]k1m7@HXtcGZU]k1|7@HXtcGZU]k1|7NHXtcGZU]k1|7MHXtcGZU]k1|7mHXtcGZU]k1|7;HX1111X1111X1111X1111X1111X1111X1111X1111X1111X1111X1111X1111X1111X1111X1111X1111X1111X1111X1111X1111X1111X1111X1111X1111X1111X1111X1111X1111X1111X1111X1111X1111X1111X1111X1111X1111X1111X1111X1111X1111X1111X1111X1111X1111X1111X1111X1111X1111X1111X1111X1111X1111X1111X1111X1111X1111X1111X1111X1111X1111X1111X1111X1111X1111X1111X1111X1111X1111X1111X1111X1111X1111X1111X1111X1111X1111X1111X1111X1111X1111X1111X
;"I!!!!IVZhQL%b!^z@EIVZhQL%b!^zlEIVZhQL%b!^z7EIVZhQL%b!^z"EIVZhQL%b!^z^EIVZhQL%b!^z<^EIVZhQL%b!^z<"EIVZhQL%b!^z<7EIVZhQL%b!^z<lEIVZhQL%b!^z<@EIVZhQL%b!^z-@EIVZhQL%b!^z-lEIVZhQL%b!^z-7EIVZhQL%b!^z-"EIVZhQL%b!^z-^EI!!!!IVZhQ %b!<z^EIVZhQ %b!<z"EIVZhQ %b!<z7EIVZhQ %b!<zlEIVZhQ %b!<z@EIVZhQ %b!"z@EIVZhQ %b!"zlEIVZhQ %b!"z7EIVZhQ %b!"z"EIVZhQ %b!"z^EI!!!!I!!!!I!!!!I!!!!I!!!!I!!!!I!!!!I!!!!I!!!!I!!!!I!!!!I!!!!I!!!!I!!!!I!!!!I!!!!I!!!!I!!!!I!!!!I!!!!I!!!!I!!!!I!!!!I!!!!I!!!!I!!!!I!!!!I!!!!I!!!!I!!!!I!!!!I!!!!I!!!!I!!!!I!!!!I!!!!I!!!!I!!!!I!!!!I!!!!I!!!!I!!!!I!!!!I!!!!I!!!!I!!!!I!!!!I!!!!I!!!!I!!!!I!!!!I!!!!I!!!!I!!!!I!!!!I!!!!I!!!!I!!!!I!!!!I!!!!I!!!!I!!!!I!!!!I!!!!I!!!!I!!!!I!!!!I!!!!I!!!!I!!!!I!!!!I!!!!I!!!!I!!!!I!!!!I!!!!I!!!!I!!!!I!!!!I!!!!I!!!!I
1t,////,f <i~8G/=uUT",f <i~8G/=uU5",f <i~8G/=uUt",f <i~8G/=uU=",f <i~8G/=uU!",f <i~8G/=uS!",f <i~8G/=uS=",f <i~8G/=uSt",f <i~8G/=uS5",f <i~8G/=uST",f <i~8G/=uQT",f <i~8G/=uQ5",f <i~8G/=uQt",f <i~8G/=uQ=",f <i~8G/=uQ!",////,f <i$8G/tu!",f <i$8G/tu=",f <i$8G/tut",f <i$8G/tu5",f <i$8G/tuT",f <i$8G/UuT",f <i$8G/Uu5",f <i$8G/Uut",f <i$8G/Uu=",f <i$8G/Uu!",////,////,////,////,////,////,////,////,////,////,////,////,////,////,////,////,////,////,////,////,////,////,////,////,////,////,////,////,////,////,////,////,////,////,////,////,////,////,////,////,////,////,////,////,////,////,////,////,////,////,////,////,////,////,////,////,////,////,////,////,////,////,////,////,////,////,////,////,////,////,////,////,////,////,////,////,////,////,////,////,////,
:&HYYYYH0-(At2nYs@&f<H0-(At2nYs@&e<H0-(At2nYs@&&<H0-(At2nYs@&!<H0-(At2nYs@&z<H0-(At2nYs@zz<H0-(At2nYs@z!<H0-(At2nYs@z&<H0-(At2nYs@ze<H0-(At2nYs@zf<H0-(At2nYs@!f<H0-(At2nYs@!e<H0-(At2nYs@!&<H0-(At2nYs@!!<H0-(At2nYs@!z<HYYYYH0-(A~2nY1@z<H0-(A~2nY1@!<H0-(A~2nY1@&<H0-(A~2nY1@e<H0-(A~2nY1@f<H0-(A~2nY&@f<H0-(A~2nY&@e<H0-(A~2nY&@&<H0-(A~2nY&@!<H0-(A~2nY&@z<HYYYYHYYYYHYYYYHYYYYHYYYYHYYYYHYYYYHYYYYHYYYYHYYYYHYYYYHYYYYHYYYYHYYYYHYYYYHYYYYHYYYYHYYYYHYYYYHYYYYHYYYYHYYYYHYYYYHYYYYHYYYYHYYYYHYYYYHYYYYHYYYYHYYYYHYYYYHYYYYHYYYYHYYYYHYYYYHYYYYHYYYYHYYYYHYYYYHYYYYHYYYYHYYYYHYYYYHYYYYHYYYYHYYYYHYYYYHYYYYHYYYYHYYYYHYYYYHYYYYHYYYYHYYYYHYYYYHYYYYHYYYYHYYYYHYYYYHYYYYHYYYYHYYYYHYYYYHYYYYHYYYYHYYYYHYYYYHYYYYHYYYYHYYYYHYYYYHYYYYHYYYYHYYYYHYYYYHYYYYHYYYYHYYYYHYYYYHYYYYHYYYYH
Q#%""""%M<j9eq["f]vi4%M<j9eq["f]v#4%M<j9eq["f]vO4%M<j9eq["f]v}4%M<j9eq["f]v&4%M<j9eq["f]S&4%M<j9eq["f]S}4%M<j9eq["f]SO4%M<j9eq["f]S#4%M<j9eq["f]Si4%M<j9eq["f]fi4%M<j9eq["f]f#4%M<j9eq["f]fO4%M<j9eq["f]f}4%M<j9eq["f]f&4%""""%M<j9Dq["#]&4%M<j9Dq["#]}4%M<j9Dq["#]O4%M<j9Dq["#]#4%M<j9Dq["#]i4%M<j9Dq["i]i4%M<j9Dq["i]#4%M<j9Dq["i]O4%M<j9Dq["i]}4%M<j9Dq["i]&4%""""%""""%""""%""""%""""%""""%""""%""""%""""%""""%""""%""""%""""%""""%""""%""""%""""%""""%""""%""""%""""%""""%""""%""""%""""%""""%""""%""""%""""%""""%""""%""""%""""%""""%""""%""""%""""%""""%""""%""""%""""%""""%""""%""""%""""%""""%""""%""""%""""%""""%""""%""""%""""%""""%""""%""""%""""%""""%""""%""""%""""%""""%""""%""""%""""%""""%""""%""""%""""%""""%""""%""""%""""%""""%""""%""""%""""%""""%""""%""""%""""%
l9*----* kbAM7c-|P:~e* kbAM7c-|P:(e* kbAM7c-|P::e* kbAM7c-|P:|e* kbAM7c-|P:{e* kbAM7c-|P{{e* kbAM7c-|P{|e* kbAM7c-|P{:e* kbAM7c-|P{(e* kbAM7c-|P{~e* kbAM7c-|P|~e* kbAM7c-|P|(e* kbAM7c-|P|:e* kbAM7c-|P||e* kbAM7c-|P|{e*----* kbAG7c-aP{e* kbAG7c-aP|e* kbAG7c-aP:e* kbAG7c-aP(e* kbAG7c-aP~e* kbAG7c-9P~e* kbAG7c-9P(e* kbAG7c-9P:e* kbAG7c-9P|e* kbAG7c-9P{e*----*----*----*----*----*----*----*----*----*----*----*----*----*----*----*----*----*----*----*----*----*----*----*----*----*----*----*----*----*----*----*----*----*----*----*----*----*----*----*----*----*----*----*----*----*----*----*----*----*----*----*----*----*----*----*----*----*----*----*----*----*----*----*----*----*----*----*----*----*----*----*----*----*----*----*----*----*----*----*----*----*
"X[GGGG[{)^yR8	G_cw,D[{)^yR8	G_cwgD[{)^yR8	G_cwvD[{)^yR8	G_cwkD[{)^yR8	G_cw_D[{)^yR8	G_c!_D[{)^yR8	G_c!kD[{)^yR8	G_c!vD[{)^yR8	G_c!gD[{)^yR8	G_c!,D[{)^yR8	G_c],D[{)^yR8	G_c]gD[{)^yR8	G_c]vD[{)^yR8	G_c]kD[{)^yR8	G_c]_D[GGGG[{)^yA8	GXc_D[{)^yA8	GXckD[{)^yA8	GXcvD[{)^yA8	GXcgD[{)^yA8	GXc,D[{)^yA8	Gxc,D[{)^yA8	GxcgD[{)^yA8	GxcvD[{)^yA8	GxckD[{)^yA8	Gxc_D[GGGG[GGGG[GGGG[GGGG[GGGG[GGGG[GGGG[GGGG[GGGG[GGGG[GGGG[GGGG[GGGG[GGGG[GGGG[GGGG[GGGG[GGGG[GGGG[GGGG[GGGG[GGGG[GGGG[GGGG[GGGG[GGGG[GGGG[GGGG[GGGG[GGGG[GGGG[GGGG[GGGG[GGGG[GGGG[GGGG[GGGG[GGGG[GGGG[GGGG[GGGG[GGGG[GGGG[GGGG[GGGG[GGGG[GGGG[GGGG[GGGG[GGGG[GGGG[GGGG[GGGG[GGGG[GGGG[GGGG[GGGG[GGGG[GGGG[GGGG[GGGG[GGGG[GGGG[GGGG[GGGG[GGGG[GGGG[GGGG[GGGG[GGGG[GGGG[GGGG[GGGG[GGGG[GGGG[GGGG[GGGG[GGGG[GGGG[GGGG[GGGG[
tp}oooo}*"2KZ.hoge3iO}*"2KZ.hoge3pO}*"2KZ.hoge3wO}*"2KZ.hoge3<O}*"2KZ.hoge33O}*"2KZ.hoge<3O}*"2KZ.hoge<<O}*"2KZ.hoge<wO}*"2KZ.hoge<pO}*"2KZ.hoge<iO}*"2KZ.hogewiO}*"2KZ.hogewpO}*"2KZ.hogewwO}*"2KZ.hogew<O}*"2KZ.hogew3O}oooo}*"2K_.hoie3O}*"2K_.hoie<O}*"2K_.hoiewO}*"2K_.hoiepO}*"2K_.hoieiO}*"2K_.hopeiO}*"2K_.hopepO}*"2K_.hopewO}*"2K_.hope<O}*"2K_.hope3O}oooo}oooo}oooo}oooo}oooo}oooo}oooo}oooo}oooo}oooo}oooo}oooo}oooo}oooo}oooo}oooo}oooo}oooo}oooo}oooo}oooo}oooo}oooo}oooo}oooo}oooo}oooo}oooo}oooo}oooo}oooo}oooo}oooo}oooo}oooo}oooo}oooo}oooo}oooo}oooo}oooo}oooo}oooo}oooo}oooo}oooo}oooo}oooo}oooo}oooo}oooo}oooo}oooo}oooo}oooo}oooo}oooo}oooo}oooo}oooo}oooo}oooo}oooo}oooo}oooo}oooo}oooo}oooo}oooo}oooo}oooo}oooo}oooo}oooo}oooo}oooo}oooo}oooo}oooo}oooo}oooo}
$f	BZZZZBwO-by74ZfTfdGBwO-by74ZfTf.GBwO-by74ZfTfIGBwO-by74ZfTfUGBwO-by74ZfTf	GBwO-by74ZfTC	GBwO-by74ZfTCUGBwO-by74ZfTCIGBwO-by74ZfTC.GBwO-by74ZfTCdGBwO-by74ZfTNdGBwO-by74ZfTN.GBwO-by74ZfTNIGBwO-by74ZfTNUGBwO-by74ZfTN	GBZZZZBwO-b,74Zf	T	GBwO-b,74Zf	TUGBwO-b,74Zf	TIGBwO-b,74Zf	T.GBwO-b,74Zf	TdGBwO-b,74ZffTdGBwO-b,74ZffT.GBwO-b,74ZffTIGBwO-b,74ZffTUGBwO-b,74ZffT	GBZZZZBZZZZBZZZZBZZZZBZZZZBZZZZBZZZZBZZZZBZZZZBZZZZBZZZZBZZZZBZZZZBZZZZBZZZZBZZZZBZZZZBZZZZBZZZZBZZZZBZZZZBZZZZBZZZZBZZZZBZZZZBZZZZBZZZZBZZZZBZZZZBZZZZBZZZZBZZZZBZZZZBZZZZBZZZZBZZZZBZZZZBZZZZBZZZZBZZZZBZZZZBZZZZBZZZZBZZZZBZZZZBZZZZBZZZZBZZZZBZZZZBZZZZBZZZZBZZZZBZZZZBZZZZBZZZZBZZZZBZZZZBZZZZBZZZZBZZZZBZZZZBZZZZBZZZZBZZZZBZZZZBZZZZBZZZZBZZZZBZZZZBZZZZBZZZZBZZZZBZZZZBZZZZBZZZZBZZZZBZZZZBZZZZBZZZZBZZZZBZZZZB
%<<DLLLLD{g20CP+L<?<cmD{g20CP+L<?<^mD{g20CP+L<?<RmD{g20CP+L<?<XmD{g20CP+L<?<<mD{g20CP+L<?X<mD{g20CP+L<?XXmD{g20CP+L<?XRmD{g20CP+L<?X^mD{g20CP+L<?XcmD{g20CP+L<?RcmD{g20CP+L<?R^mD{g20CP+L<?RRmD{g20CP+L<?RXmD{g20CP+L<?R<mDLLLLD{g20IP+L<Z?<mD{g20IP+L<Z?XmD{g20IP+L<Z?RmD{g20IP+L<Z?^mD{g20IP+L<Z?cmD{g20IP+L<<?cmD{g20IP+L<<?^mD{g20IP+L<<?RmD{g20IP+L<<?XmD{g20IP+L<<?<mDLLLLDLLLLDLLLLDLLLLDLLLLDLLLLDLLLLDLLLLDLLLLDLLLLDLLLLDLLLLDLLLLDLLLLDLLLLDLLLLDLLLLDLLLLDLLLLDLLLLDLLLLDLLLLDLLLLDLLLLDLLLLDLLLLDLLLLDLLLLDLLLLDLLLLDLLLLDLLLLDLLLLDLLLLDLLLLDLLLLDLLLLDLLLLDLLLLDLLLLDLLLLDLLLLDLLLLDLLLLDLLLLDLLLLDLLLLDLLLLDLLLLDLLLLDLLLLDLLLLDLLLLDLLLLDLLLLDLLLLDLLLLDLLLLDLLLLDLLLLDLLLLDLLLLDLLLLDLLLLDLLLLDLLLLDLLLLDLLLLDLLLLDLLLLDLLLLDLLLLDLLLLDLLLLDLLLLDLLLLDLLLLDLLLLDLLLLDLLLLDLLLLD
yLwxKKKKx<@e2n0VKwP	&ix<@e2n0VKwP	 ix<@e2n0VKwP		ix<@e2n0VKwP	wix<@e2n0VKwP	5ix<@e2n0VKwP5ix<@e2n0VKwPwix<@e2n0VKwP	ix<@e2n0VKwP ix<@e2n0VKwP&ix<@e2n0VKwPw&ix<@e2n0VKwPw ix<@e2n0VKwPw	ix<@e2n0VKwPwwix<@e2n0VKwPw5ixKKKKx<@e2=0VKLwP5ix<@e2=0VKLwPwix<@e2=0VKLwP	ix<@e2=0VKLwP ix<@e2=0VKLwP&ix<@e2=0VKL`P&ix<@e2=0VKL`P ix<@e2=0VKL`P	ix<@e2=0VKL`Pwix<@e2=0VKL`P5ixKKKKxKKKKxKKKKxKKKKxKKKKxKKKKxKKKKxKKKKxKKKKxKKKKxKKKKxKKKKxKKKKxKKKKxKKKKxKKKKxKKKKxKKKKxKKKKxKKKKxKKKKxKKKKxKKKKxKKKKxKKKKxKKKKxKKKKxKKKKxKKKKxKKKKxKKKKxKKKKxKKKKxKKKKxKKKKxKKKKxKKKKxKKKKxKKKKxKKKKxKKKKxKKKKxKKKKxKKKKxKKKKxKKKKxKKKKxKKKKxKKKKxKKKKxKKKKxKKKKxKKKKxKKKKxKKKKxKKKKxKKKKxKKKKxKKKKxKKKKxKKKKxKKKKxKKKKxKKKKxKKKKxKKKKxKKKKxKKKKxKKKKxKKKKxKKKKxKKKKxKKKKxKKKKxKKKKxKKKKxKKKKxKKKKxKKKKxKKKKxKKKKx
xRJm____m9.,o3a&_N[HZXm9.,o3a&_N[HGXm9.,o3a&_N[H Xm9.,o3a&_N[HJXm9.,o3a&_N[HRXm9.,o3a&_N[RXm9.,o3a&_N[JXm9.,o3a&_N[ Xm9.,o3a&_N[GXm9.,o3a&_N[ZXm9.,o3a&_N[NZXm9.,o3a&_N[NGXm9.,o3a&_N[N Xm9.,o3a&_N[NJXm9.,o3a&_N[NRXm____m9.,oFa&_RN[RXm9.,oFa&_RN[JXm9.,oFa&_RN[ Xm9.,oFa&_RN[GXm9.,oFa&_RN[ZXm9.,oFa&_RJ[ZXm9.,oFa&_RJ[GXm9.,oFa&_RJ[ Xm9.,oFa&_RJ[JXm9.,oFa&_RJ[RXm____m____m____m____m____m____m____m____m____m____m____m____m____m____m____m____m____m____m____m____m____m____m____m____m____m____m____m____m____m____m____m____m____m____m____m____m____m____m____m____m____m____m____m____m____m____m____m____m____m____m____m____m____m____m____m____m____m____m____m____m____m____m____m____m____m____m____m____m____m____m____m____m____m____m____m____m____m____m____m____m____m
3B	MXXXXM.)6i*n!Xyc	~UM.)6i*n!Xyc	fUM.)6i*n!Xyc		UM.)6i*n!Xyc	mUM.)6i*n!Xyc	<UM.)6i*n!Xyc<UM.)6i*n!XycmUM.)6i*n!Xyc	UM.)6i*n!XycfUM.)6i*n!Xyc~UM.)6i*n!Xycm~UM.)6i*n!XycmfUM.)6i*n!Xycm	UM.)6i*n!XycmmUM.)6i*n!Xycm<UMXXXXM.)6idn!XB	c<UM.)6idn!XB	cmUM.)6idn!XB	c	UM.)6idn!XB	cfUM.)6idn!XB	c~UM.)6idn!XB;c~UM.)6idn!XB;cfUM.)6idn!XB;c	UM.)6idn!XB;cmUM.)6idn!XB;c<UMXXXXMXXXXMXXXXMXXXXMXXXXMXXXXMXXXXMXXXXMXXXXMXXXXMXXXXMXXXXMXXXXMXXXXMXXXXMXXXXMXXXXMXXXXMXXXXMXXXXMXXXXMXXXXMXXXXMXXXXMXXXXMXXXXMXXXXMXXXXMXXXXMXXXXMXXXXMXXXXMXXXXMXXXXMXXXXMXXXXMXXXXMXXXXMXXXXMXXXXMXXXXMXXXXMXXXXMXXXXMXXXXMXXXXMXXXXMXXXXMXXXXMXXXXMXXXXMXXXXMXXXXMXXXXMXXXXMXXXXMXXXXMXXXXMXXXXMXXXXMXXXXMXXXXMXXXXMXXXXMXXXXMXXXXMXXXXMXXXXMXXXXMXXXXMXXXXMXXXXMXXXXMXXXXMXXXXMXXXXMXXXXMXXXXMXXXXMXXXXMXXXXM
+KBX1111XtcGZx]k1|7MCHXtcGZx]k1|7MzHXtcGZx]k1|7MBHXtcGZx]k1|7M|HXtcGZx]k1|7MKHXtcGZx]k1|7KHXtcGZx]k1|7|HXtcGZx]k1|7BHXtcGZx]k1|7zHXtcGZx]k1|7CHXtcGZx]k1|7mCHXtcGZx]k1|7mzHXtcGZx]k1|7mBHXtcGZx]k1|7m|HXtcGZx]k1|7mKHX1111XtcGZU]k1KM7KHXtcGZU]k1KM7|HXtcGZU]k1KM7BHXtcGZU]k1KM7zHXtcGZU]k1KM7CHXtcGZU]k1KB7CHXtcGZU]k1KB7zHXtcGZU]k1KB7BHXtcGZU]k1KB7|HXtcGZU]k1KB7KHX1111X1111X1111X1111X1111X1111X1111X1111X1111X1111X1111X1111X1111X1111X1111X1111X1111X1111X1111X1111X1111X1111X1111X1111X1111X1111X1111X1111X1111X1111X1111X1111X1111X1111X1111X1111X1111X1111X1111X1111X1111X1111X1111X1111X1111X1111X1111X1111X1111X1111X1111X1111X1111X1111X1111X1111X1111X1111X1111X1111X1111X1111X1111X1111X1111X1111X1111X1111X1111X1111X1111X1111X1111X1111X1111X1111X1111X1111X1111X1111X1111X
;^RI!!!!IVZhQL%b!-zAEIVZhQL%b!-zREIVZhQL%b!-z-EIVZhQL%b!-z<EIVZhQL%b!-zCEIVZhQL%b!-z<CEIVZhQL%b!-z<<EIVZhQL%b!-z<-EIVZhQL%b!-z<REIVZhQL%b!-z<AEIVZhQL%b!-z-AEIVZhQL%b!-z-REIVZhQL%b!-z--EIVZhQL%b!-z-<EIVZhQL%b!-z-CEI!!!!IVZhQ %b!^RzCEIVZhQ %b!^Rz<EIVZhQ %b!^Rz-EIVZhQ %b!^RzREIVZhQ %b!^RzAEIVZhQ %b!^AzAEIVZhQ %b!^AzREIVZhQ %b!^Az-EIVZhQ %b!^Az<EIVZhQ %b!^AzCEI!!!!I!!!!I!!!!I!!!!I!!!!I!!!!I!!!!I!!!!I!!!!I!!!!I!!!!I!!!!I!!!!I!!!!I!!!!I!!!!I!!!!I!!!!I!!!!I!!!!I!!!!I!!!!I!!!!I!!!!I!!!!I!!!!I!!!!I!!!!I!!!!I!!!!I!!!!I!!!!I!!!!I!!!!I!!!!I!!!!I!!!!I!!!!I!!!!I!!!!I!!!!I!!!!I!!!!I!!!!I!!!!I!!!!I!!!!I!!!!I!!!!I!!!!I!!!!I!!!!I!!!!I!!!!I!!!!I!!!!I!!!!I!!!!I!!!!I!!!!I!!!!I!!!!I!!!!I!!!!I!!!!I!!!!I!!!!I!!!!I!!!!I!!!!I!!!!I!!!!I!!!!I!!!!I!!!!I!!!!I!!!!I!!!!I!!!!I!!!!I!!!!I
1ST,////,f <i~8G/tu9",f <i~8G/tu;",f <i~8G/tuU",f <i~8G/tuQ",f <i~8G/tuS",f <i~8G/tu=S",f <i~8G/tu=Q",f <i~8G/tu=U",f <i~8G/tu=;",f <i~8G/tu=9",f <i~8G/tut9",f <i~8G/tut;",f <i~8G/tutU",f <i~8G/tutQ",f <i~8G/tutS",////,f <i$8G/S5uS",f <i$8G/S5uQ",f <i$8G/S5uU",f <i$8G/S5u;",f <i$8G/S5u9",f <i$8G/STu9",f <i$8G/STu;",f <i$8G/STuU",f <i$8G/STuQ",f <i$8G/STuS",////,////,////,////,////,////,////,////,////,////,////,////,////,////,////,////,////,////,////,////,////,////,////,////,////,////,////,////,////,////,////,////,////,////,////,////,////,////,////,////,////,////,////,////,////,////,////,////,////,////,////,////,////,////,////,////,////,////,////,////,////,////,////,////,////,////,////,////,////,////,////,////,////,////,////,////,////,////,////,////,////,
:zfHYYYYH0-(At2nY&@g<H0-(At2nY&@r<H0-(At2nY&@1<H0-(At2nY&@s<H0-(At2nY&@+<H0-(At2nY&@s+<H0-(At2nY&@ss<H0-(At2nY&@s1<H0-(At2nY&@sr<H0-(At2nY&@sg<H0-(At2nY&@1g<H0-(At2nY&@1r<H0-(At2nY&@11<H0-(At2nY&@1s<H0-(At2nY&@1+<HYYYYH0-(A~2nYzf@+<H0-(A~2nYzf@s<H0-(A~2nYzf@1<H0-(A~2nYzf@r<H0-(A~2nYzf@g<H0-(A~2nYze@g<H0-(A~2nYze@r<H0-(A~2nYze@1<H0-(A~2nYze@s<H0-(A~2nYze@+<HYYYYHYYYYHYYYYHYYYYHYYYYHYYYYHYYYYHYYYYHYYYYHYYYYHYYYYHYYYYHYYYYHYYYYHYYYYHYYYYHYYYYHYYYYHYYYYHYYYYHYYYYHYYYYHYYYYHYYYYHYYYYHYYYYHYYYYHYYYYHYYYYHYYYYHYYYYHYYYYHYYYYHYYYYHYYYYHYYYYHYYYYHYYYYHYYYYHYYYYHYYYYHYYYYHYYYYHYYYYHYYYYHYYYYHYYYYHYYYYHYYYYHYYYYHYYYYHYYYYHYYYYHYYYYHYYYYHYYYYHYYYYHYYYYHYYYYHYYYYHYYYYHYYYYHYYYYHYYYYHYYYYHYYYYHYYYYHYYYYHYYYYHYYYYHYYYYHYYYYHYYYYHYYYYHYYYYHYYYYHYYYYHYYYYHYYYYHYYYYHYYYYH
QS	%""""%M<j9eq["v]u4%M<j9eq["v]	4%M<j9eq["v]v4%M<j9eq["v]f4%M<j9eq["v]S4%M<j9eq["v]}S4%M<j9eq["v]}f4%M<j9eq["v]}v4%M<j9eq["v]}	4%M<j9eq["v]}u4%M<j9eq["v]Ou4%M<j9eq["v]O	4%M<j9eq["v]Ov4%M<j9eq["v]Of4%M<j9eq["v]OS4%""""%M<j9Dq["Su]S4%M<j9Dq["Su]f4%M<j9Dq["Su]v4%M<j9Dq["Su]	4%M<j9Dq["Su]u4%M<j9Dq["S	]u4%M<j9Dq["S	]	4%M<j9Dq["S	]v4%M<j9Dq["S	]f4%M<j9Dq["S	]S4%""""%""""%""""%""""%""""%""""%""""%""""%""""%""""%""""%""""%""""%""""%""""%""""%""""%""""%""""%""""%""""%""""%""""%""""%""""%""""%""""%""""%""""%""""%""""%""""%""""%""""%""""%""""%""""%""""%""""%""""%""""%""""%""""%""""%""""%""""%""""%""""%""""%""""%""""%""""%""""%""""%""""%""""%""""%""""%""""%""""%""""%""""%""""%""""%""""%""""%""""%""""%""""%""""%""""%""""%""""%""""%""""%""""%""""%""""%""""%""""%""""%
lC,*----* kbAM7c-aP:9e* kbAM7c-aP:ae* kbAM7c-aP:ie* kbAM7c-aP:Ce* kbAM7c-aP:,e* kbAM7c-aP{,e* kbAM7c-aP{Ce* kbAM7c-aP{ie* kbAM7c-aP{ae* kbAM7c-aP{9e* kbAM7c-aP|9e* kbAM7c-aP|ae* kbAM7c-aP|ie* kbAM7c-aP|Ce* kbAM7c-aP|,e*----*----*----*----*----*----*----* kbA"w|y+N_yRP2}*"2K1m6bnV	by[2D{g20l:$2O=e,p2nE,m9.,o=yAiKd68]i*bGX1111X1111X1111X1111X1111X1111X1111X1111X1111X1111X1111X1111X1111X1111X1111X1111X1111X1111X1111X1111X1111X1111X1111X1111X1111X1111X1111X1111X1111X1111X1111X1111X1111X1111X1111X1111X1111X1111X1111X1111X1111X1111X1111X1111X1111X1111X1111X1111X1111X1111X1111X1111X1111X1111X1111X1111X1111X1111X1111X1111X1111X1111X1111X1111X1111X1111X1111X1111X1111X1111X1111X1111X1111X1111X1111X1111X1111X1111X1111X1111X1111X
;<^I!!!!IVZhQL%b!Rz7@EIVZhQL%b!Rz7lEIVZhQL%b!Rz77EIVZhQL%b!Rz7"EIVZhQL%b!Rz7^EIVZhQL%b!Rz^^EIVZhQL%b!Rz^"EIVZhQL%b!Rz^7EIVZhQL%b!Rz^lEIVZhQL%b!Rz^@EIVZhQL%b!Rz"@EIVZhQL%b!Rz"lEIVZhQL%b!Rz"7EIVZhQL%b!Rz""EIVZhQL%b!Rz"^EI!!!!I!!!!I!!!!I!!!!I!!!!I!!!!I!!!!I!!!!I!!!!I!!!!I!!!!I!!!!I!!!!I!!!!I!!!!I!!!!I!!!!I!!!!I!!!!I!!!!I!!!!I!!!!I!!!!I!!!!I!!!!I!!!!I!!!!I!!!!I!!!!I!!!!I!!!!I!!!!I!!!!I!!!!I!!!!I!!!!I!!!!I!!!!I!!!!I!!!!I!!!!I!!!!I!!!!I!!!!I!!!!I!!!!I!!!!I!!!!I!!!!I!!!!I!!!!I!!!!I!!!!I!!!!I!!!!I!!!!I!!!!I!!!!I!!!!I!!!!I!!!!I!!!!I!!!!I!!!!I!!!!I!!!!I!!!!I!!!!I!!!!I!!!!I!!!!I!!!!I!!!!I!!!!I!!!!I!!!!I!!!!I!!!!I!!!!I!!!!I!!!!I!!!!I!!!!I!!!!I!!!!I!!!!I!!!!I!!!!I!!!!I!!!!I!!!!I!!!!I
1==,////,f <i~8G/TuUT",f <i~8G/TuU5",f <i~8G/TuUt",f <i~8G/TuU=",f <i~8G/TuU!",f <i~8G/TuS!",f <i~8G/TuS=",f <i~8G/TuSt",f <i~8G/TuS5",f <i~8G/TuST",f <i~8G/TuQT",f <i~8G/TuQ5",f <i~8G/TuQt",f <i~8G/TuQ=",f <i~8G/TuQ!",////,////,////,////,////,////,////,////,////,////,////,////,////,////,////,////,////,////,////,////,////,////,////,////,////,////,////,////,////,////,////,////,////,////,////,////,////,////,////,////,////,////,////,////,////,////,////,////,////,////,////,////,////,////,////,////,////,////,////,////,////,////,////,////,////,////,////,////,////,////,////,////,////,////,////,////,////,////,////,////,////,////,////,////,////,////,////,////,////,////,////,////,
:s!HYYYYH0-(At2nYg@&f<H0-(At2nYg@&e<H0-(At2nYg@&&<H0-(At2nYg@&!<H0-(At2nYg@&z<H0-(At2nYg@zz<H0-(At2nYg@z!<H0-(At2nYg@z&<H0-(At2nYg@ze<H0-(At2nYg@zf<H0-(At2nYg@!f<H0-(At2nYg@!e<H0-(At2nYg@!&<H0-(At2nYg@!!<H0-(At2nYg@!z<HYYYYHYYYYHYYYYHYYYYHYYYYHYYYYHYYYYHYYYYHYYYYHYYYYHYYYYHYYYYHYYYYHYYYYHYYYYHYYYYHYYYYHYYYYHYYYYHYYYYHYYYYHYYYYHYYYYHYYYYHYYYYHYYYYHYYYYHYYYYHYYYYHYYYYHYYYYHYYYYHYYYYHYYYYHYYYYHYYYYHYYYYHYYYYHYYYYHYYYYHYYYYHYYYYHYYYYHYYYYHYYYYHYYYYHYYYYHYYYYHYYYYHYYYYHYYYYHYYYYHYYYYHYYYYHYYYYHYYYYHYYYYHYYYYHYYYYHYYYYHYYYYHYYYYHYYYYHYYYYHYYYYHYYYYHYYYYHYYYYHYYYYHYYYYHYYYYHYYYYHYYYYHYYYYHYYYYHYYYYHYYYYHYYYYHYYYYHYYYYHYYYYHYYYYHYYYYHYYYYHYYYYHYYYYHYYYYHYYYYHYYYYHYYYYHYYYYHYYYYH
Q}O%""""%M<j9eq["O]Si4%M<j9eq["O]S#4%M<j9eq["O]SO4%M<j9eq["O]S}4%M<j9eq["O]S&4%M<j9eq["O]f&4%M<j9eq["O]f}4%M<j9eq["O]fO4%M<j9eq["O]f#4%M<j9eq["O]fi4%M<j9eq["O]vi4%M<j9eq["O]v#4%M<j9eq["O]vO4%M<j9eq["O]v}4%M<j9eq["O]v&4%""""%""""%""""%""""%""""%""""%""""%""""%""""%""""%""""%""""%""""%""""%""""%""""%""""%""""%""""%""""%""""%""""%""""%""""%""""%""""%""""%""""%""""%""""%""""%""""%""""%""""%""""%""""%""""%""""%""""%""""%""""%""""%""""%""""%""""%""""%""""%""""%""""%""""%""""%""""%""""%""""%""""%""""%""""%""""%""""%""""%""""%""""%""""%""""%""""%""""%""""%""""%""""%""""%""""%""""%""""%""""%""""%""""%""""%""""%""""%""""%""""%""""%""""%""""%""""%""""%""""%""""%""""%""""%""""%""""%
lC:*----* kbAM7c-iP{~e* kbAM7c-iP{(e* kbAM7c-iP{:e* kbAM7c-iP{|e* kbAM7c-iP{{e* kbAM7c-iP|{e* kbAM7c-iP||e* kbAM7c-iP|:e* kbAM7c-iP|(e* kbAM7c-iP|~e* kbAM7c-iP:~e* kbAM7c-iP:(e* kbAM7c-iP::e* kbAM7c-iP:|e* kbAM7c-iP:{e*----*----*----*----*----*----*----*----*----*----*----*----*----*----*----*----*----*----*----*----*----*----*----*----*----*----*----*----*----*----*----*----*----*----*----*----*----*----*----*----*----*----*----*----*----*----*----*----*----*----*----*----*----*----*----*----*----*----*----*----*----*----*----*----*----*----*----*----*----*----*----*----*----*----*----*----*----*----*----*----*----*----*----*----*----*----*----*----*----*----*----*----*
"kg[GGGG[{)^yR8	G]cw,D[{)^yR8	G]cwgD[{)^yR8	G]cwvD[{)^yR8	G]cwkD[{)^yR8	G]cw_D[{)^yR8	G]c!_D[{)^yR8	G]c!kD[{)^yR8	G]c!vD[{)^yR8	G]c!gD[{)^yR8	G]c!,D[{)^yR8	G]c],D[{)^yR8	G]c]gD[{)^yR8	G]c]vD[{)^yR8	G]c]kD[{)^yR8	G]c]_D[GGGG[GGGG[GGGG[GGGG[GGGG[GGGG[GGGG[GGGG[GGGG[GGGG[GGGG[GGGG[GGGG[GGGG[GGGG[GGGG[GGGG[GGGG[GGGG[GGGG[GGGG[GGGG[GGGG[GGGG[GGGG[GGGG[GGGG[GGGG[GGGG[GGGG[GGGG[GGGG[GGGG[GGGG[GGGG[GGGG[GGGG[GGGG[GGGG[GGGG[GGGG[GGGG[GGGG[GGGG[GGGG[GGGG[GGGG[GGGG[GGGG[GGGG[GGGG[GGGG[GGGG[GGGG[GGGG[GGGG[GGGG[GGGG[GGGG[GGGG[GGGG[GGGG[GGGG[GGGG[GGGG[GGGG[GGGG[GGGG[GGGG[GGGG[GGGG[GGGG[GGGG[GGGG[GGGG[GGGG[GGGG[GGGG[GGGG[GGGG[GGGG[GGGG[GGGG[GGGG[GGGG[GGGG[GGGG[GGGG[GGGG[GGGG[GGGG[GGGG[
tn=}oooo}*"2KZ.howe3iO}*"2KZ.howe3pO}*"2KZ.howe3wO}*"2KZ.howe3<O}*"2KZ.howe33O}*"2KZ.howe<3O}*"2KZ.howe<<O}*"2KZ.howe<wO}*"2KZ.howe<pO}*"2KZ.howe<iO}*"2KZ.howewiO}*"2KZ.howewpO}*"2KZ.howewwO}*"2KZ.howew<O}*"2KZ.howew3O}oooo}oooo}oooo}oooo}oooo}oooo}oooo}oooo}oooo}oooo}oooo}oooo}oooo}oooo}oooo}oooo}oooo}oooo}oooo}oooo}oooo}oooo}oooo}oooo}oooo}oooo}oooo}oooo}oooo}oooo}oooo}oooo}oooo}oooo}oooo}oooo}oooo}oooo}oooo}oooo}oooo}oooo}oooo}oooo}oooo}oooo}oooo}oooo}oooo}oooo}oooo}oooo}oooo}oooo}oooo}oooo}oooo}oooo}oooo}oooo}oooo}oooo}oooo}oooo}oooo}oooo}oooo}oooo}oooo}oooo}oooo}oooo}oooo}oooo}oooo}oooo}oooo}oooo}oooo}oooo}oooo}oooo}oooo}oooo}oooo}oooo}oooo}oooo}oooo}oooo}oooo}oooo}
$U%BZZZZBwO-by74Z.TIdGBwO-by74Z.TI.GBwO-by74Z.TIIGBwO-by74Z.TIUGBwO-by74Z.TI	GBwO-by74Z.T	GBwO-by74Z.TUGBwO-by74Z.TIGBwO-by74Z.T.GBwO-by74Z.TdGBwO-by74Z.TUdGBwO-by74Z.TU.GBwO-by74Z.TUIGBwO-by74Z.TUUGBwO-by74Z.TU	GBZZZZBZZZZBZZZZBZZZZBZZZZBZZZZBZZZZBZZZZBZZZZBZZZZBZZZZBZZZZBZZZZBZZZZBZZZZBZZZZBZZZZBZZZZBZZZZBZZZZBZZZZBZZZZBZZZZBZZZZBZZZZBZZZZBZZZZBZZZZBZZZZBZZZZBZZZZBZZZZBZZZZBZZZZBZZZZBZZZZBZZZZBZZZZBZZZZBZZZZBZZZZBZZZZBZZZZBZZZZBZZZZBZZZZBZZZZBZZZZBZZZZBZZZZBZZZZBZZZZBZZZZBZZZZBZZZZBZZZZBZZZZBZZZZBZZZZBZZZZBZZZZBZZZZBZZZZBZZZZBZZZZBZZZZBZZZZBZZZZBZZZZBZZZZBZZZZBZZZZBZZZZBZZZZBZZZZBZZZZBZZZZBZZZZBZZZZBZZZZBZZZZBZZZZBZZZZBZZZZBZZZZBZZZZBZZZZBZZZZBZZZZBZZZZBZZZZBZZZZB
%&^DLLLLD{g20CP+L-?McmD{g20CP+L-?M^mD{g20CP+L-?MRmD{g20CP+L-?MXmD{g20CP+L-?M<mD{g20CP+L-?<mD{g20CP+L-?XmD{g20CP+L-?RmD{g20CP+L-?^mD{g20CP+L-?cmD{g20CP+L-?&cmD{g20CP+L-?&^mD{g20CP+L-?&RmD{g20CP+L-?&XmD{g20CP+L-?&<mDLLLLDLLLLDLLLLDLLLLDLLLLDLLLLDLLLLDLLLLDLLLLDLLLLDLLLLDLLLLDLLLLDLLLLDLLLLDLLLLDLLLLDLLLLDLLLLDLLLLDLLLLDLLLLDLLLLDLLLLDLLLLDLLLLDLLLLDLLLLDLLLLDLLLLDLLLLDLLLLDLLLLDLLLLDLLLLDLLLLDLLLLDLLLLDLLLLDLLLLDLLLLDLLLLDLLLLDLLLLDLLLLDLLLLDLLLLDLLLLDLLLLDLLLLDLLLLDLLLLDLLLLDLLLLDLLLLDLLLLDLLLLDLLLLDLLLLDLLLLDLLLLDLLLLDLLLLDLLLLDLLLLDLLLLDLLLLDLLLLDLLLLDLLLLDLLLLDLLLLDLLLLDLLLLDLLLLDLLLLDLLLLDLLLLDLLLLDLLLLDLLLLDLLLLDLLLLDLLLLDLLLLDLLLLDLLLLDLLLLDLLLLDLLLLDLLLLDLLLLD
y`5xKKKKx<@e2n0VK&P	&ix<@e2n0VK&P	 ix<@e2n0VK&P		ix<@e2n0VK&P	wix<@e2n0VK&P	5ix<@e2n0VK&P5ix<@e2n0VK&Pwix<@e2n0VK&P	ix<@e2n0VK&P ix<@e2n0VK&P&ix<@e2n0VK&Pw&ix<@e2n0VK&Pw ix<@e2n0VK&Pw	ix<@e2n0VK&Pwwix<@e2n0VK&Pw5ixKKKKxKKKKxKKKKxKKKKxKKKKxKKKKxKKKKxKKKKxKKKKxKKKKxKKKKxKKKKxKKKKxKKKKxKKKKxKKKKxKKKKxKKKKxKKKKxKKKKxKKKKxKKKKxKKKKxKKKKxKKKKxKKKKxKKKKxKKKKxKKKKxKKKKxKKKKxKKKKxKKKKxKKKKxKKKKxKKKKxKKKKxKKKKxKKKKxKKKKxKKKKxKKKKxKKKKxKKKKxKKKKxKKKKxKKKKxKKKKxKKKKxKKKKxKKKKxKKKKxKKKKxKKKKxKKKKxKKKKxKKKKxKKKKxKKKKxKKKKxKKKKxKKKKxKKKKxKKKKxKKKKxKKKKxKKKKxKKKKxKKKKxKKKKxKKKKxKKKKxKKKKxKKKKxKKKKxKKKKxKKKKxKKKKxKKKKxKKKKxKKKKxKKKKxKKKKxKKKKxKKKKxKKKKxKKKKxKKKKxKKKKxKKKKxKKKKxKKKKx
xJRm____m9.,o3a&_^[HZXm9.,o3a&_^[HGXm9.,o3a&_^[H Xm9.,o3a&_^[HJXm9.,o3a&_^[HRXm9.,o3a&_^[RXm9.,o3a&_^[JXm9.,o3a&_^[ Xm9.,o3a&_^[GXm9.,o3a&_^[ZXm9.,o3a&_^[NZXm9.,o3a&_^[NGXm9.,o3a&_^[N Xm9.,o3a&_^[NJXm9.,o3a&_^[NRXm____m____m____m____m9.,o=yA%!+]M.)6i+dAbtf/h/%b!z"EIVZhQy `Nfs0e\2nY@z<H0-(A[~PaMAxq["]f4%M<j9aDA\ fW7c-PCe* kbAJGfw{|$8	GcwD[{)^y?A|P*>,.hoegO}oooo}oooo}oooo}oooo}oooo}oooo}oooo}oooo}oooo}oooo}oooo}oooo}oooo}oooo}oooo}oooo}oooo}oooo}oooo}oooo}oooo}oooo}oooo}oooo}oooo}oooo}oooo}oooo}oooo}oooo}oooo}oooo}oooo}oooo}oooo}oooo}oooo}oooo}oooo}oooo}oooo}oooo}oooo}oooo}oooo}oooo}oooo}oooo}oooo}oooo}oooo}oooo}oooo}oooo}oooo}oooo}oooo}oooo}oooo}oooo}oooo}oooo}oooo}oooo}oooo}oooo}oooo}oooo}oooo}oooo}oooo}oooo}oooo}oooo}oooo}oooo}oooo}oooo}oooo}oooo}oooo}
$CUBZZZZBwO-b([NPP+L?ZmD{g20l:Z00VKPLix<@e2OE	aa&_[NXm9.,o=y]nn!XcyUM.)6iKby]]k17MHXtcGZ"hF%%b!z7EIVZhQrNP88G/u5",f <iIeq22nY@g<H0-(A_a?qq["]S#4%M<j9g\s77c-P{9e* kbA"wN88	GcwxD[{)^y:P[..hoengO}*"2K1mg774ZTUfGBwO-b([NPP+L?&&mD{g20l:Z00VKPw`ixKKKKx<@e2<dn$0VKP5ix<@e2<dn$0VKPwix<@e2<dn$0VKP	ix<@e2<dn$0VKP\ix<@e2<dn$0VKP&ix<@e2<dn$0VKPL&ix<@e2<dn$0VKPL\ix<@e2<dn$0VKPL	ix<@e2<dn$0VKPLwix<@e2<dn$0VKPL5ixKKKKxKKKKxKKKKxKKKKxKKKKxKKKKxKKKKxKKKKxKKKKxKKKKxKKKKxKKKKxKKKKxKKKKxKKKKxKKKKxKKKKxKKKKxKKKKxKKKKxKKKKxKKKKxKKKKxKKKKxKKKKxKKKKxKKKKxKKKKxKKKKxKKKKxKKKKxKKKKxKKKKxKKKKxKKKKxKKKKxKKKKxKKKKxKKKKxKKKKxKKKKxKKKKxKKKKxKKKKxKKKKxKKKKxKKKKxKKKKxKKKKxKKKKxKKKKxKKKKxKKKKxKKKKxKKKKxKKKKxKKKKxKKKKxKKKKxKKKKxKKKKxKKKKxKKKKxKKKKxKKKKxKKKKxKKKKxKKKKxKKKKxKKKKxKKKKxKKKKxKKKKxKKKKxKKKKxKKKKxKKKKxKKKKxKKKKxKKKKxKKKKx
xJJm____m____m____m____m____m____m____m____m____m____m____m____m____m____m9.,o=y]nn!XcB:UMXXXXMXXXXM.)6i.+*An!XcBUM.)6i.+*An!XcyUM.)6i.+*An!Xc;UM.)6i.+*An!XcfUM.)6i.+*An!Xc:UM.)6i.+*An!XcB:UM.)6i.+*An!XcBfUM.)6i.+*An!XcB;UM.)6i.+*An!XcByUM.)6i.+*An!XcBBUMXXXXMXXXXMXXXXMXXXXMXXXXMXXXXMXXXXMXXXXMXXXXMXXXXMXXXXMXXXXMXXXXMXXXXMXXXXMXXXXMXXXXMXXXXMXXXXMXXXXMXXXXMXXXXMXXXXMXXXXMXXXXMXXXXMXXXXMXXXXMXXXXMXXXXMXXXXMXXXXMXXXXMXXXXMXXXXMXXXXMXXXXMXXXXMXXXXMXXXXMXXXXMXXXXMXXXXMXXXXMXXXXMXXXXMXXXXMXXXXMXXXXMXXXXMXXXXMXXXXMXXXXMXXXXMXXXXMXXXXMXXXXMXXXXMXXXXMXXXXMXXXXMXXXXMXXXXMXXXXMXXXXMXXXXMXXXXMXXXXMXXXXMXXXXMXXXXMXXXXMXXXXMXXXXMXXXXMXXXXMXXXXMXXXXMXXXXMXXXXMXXXXM
+|MX1111X1111X1111X1111X1111X1111X1111X1111X1111X1111X1111X1111X1111X1111XtcGZ"hF%%b!z<REI!!!!I!!!!IVZhQVyL`%b!z<^EIVZhQVyL`%b!z<"EIVZhQVyL`%b!z<7EIVZhQVyL`%b!z<REIVZhQVyL`%b!z<@EIVZhQVyL`%b!z"@EIVZhQVyL`%b!z"REIVZhQVyL`%b!z"7EIVZhQVyL`%b!z""EIVZhQVyL`%b!z"^EI!!!!I!!!!I!!!!I!!!!I!!!!I!!!!I!!!!I!!!!I!!!!I!!!!I!!!!I!!!!I!!!!I!!!!I!!!!I!!!!I!!!!I!!!!I!!!!I!!!!I!!!!I!!!!I!!!!I!!!!I!!!!I!!!!I!!!!I!!!!I!!!!I!!!!I!!!!I!!!!I!!!!I!!!!I!!!!I!!!!I!!!!I!!!!I!!!!I!!!!I!!!!I!!!!I!!!!I!!!!I!!!!I!!!!I!!!!I!!!!I!!!!I!!!!I!!!!I!!!!I!!!!I!!!!I!!!!I!!!!I!!!!I!!!!I!!!!I!!!!I!!!!I!!!!I!!!!I!!!!I!!!!I!!!!I!!!!I!!!!I!!!!I!!!!I!!!!I!!!!I!!!!I!!!!I!!!!I!!!!I!!!!I!!!!I!!!!I!!!!I!!!!I
1QU,////,f <iIeq22nY@f<H0-(A_a?qq["]	4%M<j9g\s77c-P{,e* kbA"wN88	GcwwD[{)^y:P[..hoe3nO}*"2K1mg774ZTfCGBwO-b([NPP+L?<MmD{g20l:Z00VKPLjix<@e2OE	aa&_[NHXm9.,o=y]nn!Xcm;UM.)6iKby]]k17m@HXtcGZ"hF%%b!z<@EIVZhQrNP88G/u=;",f <iIeq22nY@!+<H0-(A_a?qq["]fS4%""""%M<j9MaeAq["]}&4%M<j9MaeAq["]}}4%M<j9MaeAq["]}O4%M<j9MaeAq["]}	4%M<j9MaeAq["]}i4%M<j9MaeAq["]fi4%M<j9MaeAq["]f	4%M<j9MaeAq["]fO4%M<j9MaeAq["]f}4%M<j9MaeAq["]f&4%""""%""""%""""%""""%""""%""""%""""%""""%""""%""""%""""%""""%""""%""""%""""%""""%""""%""""%""""%""""%""""%""""%""""%""""%""""%""""%""""%""""%""""%""""%""""%""""%""""%""""%""""%""""%""""%""""%""""%""""%""""%""""%""""%""""%""""%""""%""""%""""%""""%""""%""""%""""%""""%""""%""""%""""%""""%""""%""""%""""%""""%""""%""""%""""%""""%""""%""""%""""%""""%""""%""""%""""%""""%""""%""""%""""%""""%""""%""""%""""%""""%
l|a*----* kbAM7c-~P9e* kbAM7c-~Pae* kbAM7c-~Pie* kbAM7c-~PCe* kbAM7c-~P,e* kbAM7c-~PC,e* kbAM7c-~PCCe* kbAM7c-~PCie* kbAM7c-~PCae* kbAM7c-~PC9e* kbAM7c-~Pi9e* kbAM7c-~Piae* kbAM7c-~Piie* kbAM7c-~PiCe* kbAM7c-~Pi,e*----*----*----*----* kbAJGfw{|$PC.hoecO}*"2KP_>mw6#[uP+L?&mD{g20/I=:<$aE5a&_[lXm9.,o@F+y]Kt8.n!XcyUM.)6i+dAby"a[t]k17mHXtcGZPUfhFrg/V%b!z^EIVZhQy `NPIDXf8G/u!",////,////,////,////,////,////,////,////,////,////,////,////,////,////,////,////,////,////,////,////,////,////,////,////,////,////,////,////,////,////,////,////,////,////,////,////,////,////,////,////,////,////,////,////,////,////,////,////,////,////,////,////,////,////,////,////,////,////,////,////,////,////,////,////,////,////,////,////,////,////,////,////,////,////,////,////,////,////,////,////,////,
:!gHYYYYH0-(At2nYf@f<H0-(At2nYf@e<H0-(At2nYf@&<H0-(At2nYf@!<H0-(At2nYf@z<H0-(At2nYf@sz<H0-(At2nYf@s!<H0-(At2nYf@s&<H0-(At2nYf@se<H0-(At2nYf@sf<H0-(At2nYf@1f<H0-(At2nYf@1e<H0-(At2nYf@1&<H0-(At2nYf@1!<H0-(At2nYf@1z<HYYYYHYYYYHYYYYHYYYYHYYYYHYYYYHYYYYHYYYYHYYYYHYYYYHYYYYHYYYYHYYYYHYYYYHYYYYHYYYYHYYYYHYYYYHYYYYHYYYYHYYYYHYYYYHYYYYHYYYYHYYYYHYYYYHYYYYHYYYYHYYYYHYYYYHYYYYHYYYYHYYYYHYYYYHYYYYHYYYYHYYYYHYYYYHYYYYHYYYYHYYYYHYYYYHYYYYHYYYYHYYYYHYYYYHYYYYHYYYYHYYYYHYYYYHYYYYHYYYYHYYYYHYYYYHYYYYHYYYYHYYYYHYYYYHYYYYHYYYYHYYYYHYYYYHYYYYHYYYYHYYYYHYYYYHYYYYHYYYYHYYYYHYYYYHYYYYHYYYYHYYYYHYYYYHYYYYHYYYYHYYYYHYYYYHYYYYHYYYYHYYYYHYYYYHYYYYHYYYYHYYYYHYYYYHYYYYHYYYYHYYYYHYYYYHYYYYHYYYYH
Qfu%""""%M<j9eq["	]i4%M<j9eq["	]#4%M<j9eq["	]O4%M<j9eq["	]}4%M<j9eq["	]&4%M<j9eq["	]}&4%M<j9eq["	]}}4%M<j9eq["	]}O4%M<j9eq["	]}#4%M<j9eq["	]}i4%M<j9eq["	]Oi4%M<j9eq["	]O#4%M<j9eq["	]OO4%M<j9eq["	]O}4%M<j9eq["	]O&4%""""%""""%""""%""""%""""%""""%""""%""""%""""%""""%""""%""""%""""%""""%""""%""""%""""%""""%""""%""""%""""%""""%""""%""""%""""%""""%""""%""""%""""%""""%""""%""""%""""%""""%""""%""""%""""%""""%""""%""""%""""%""""%""""%""""%""""%""""%""""%""""%""""%""""%""""%""""%""""%""""%""""%""""%""""%""""%""""%""""%""""%""""%""""%""""%""""%""""%""""%""""%""""%""""%""""%""""%""""%""""%""""%""""%""""%""""%""""%""""%""""%""""%""""%""""%""""%""""%""""%""""%""""%""""%""""%""""%
l|(*----* kbAM7c-(P~e* kbAM7c-(P(e* kbAM7c-(P:e* kbAM7c-(P|e* kbAM7c-(P{e* kbAM7c-(PC{e* kbAM7c-(PC|e* kbAM7c-(PC:e* kbAM7c-(PC(e* kbAM7c-(PC~e* kbAM7c-(Pi~e* kbAM7c-(Pi(e* kbAM7c-(Pi:e* kbAM7c-(Pi|e* kbAM7c-(Pi{e*----*----*----*----*----*----*----*----*----*----*----*----*----*----*----*----*----*----*----*----*----*----*----*----*----*----*----*----*----*----*----*----*----*----*----*----*----*----*----*----*----*----*----*----*----*----*----*----*----*----*----*----*----*----*----*----*----*----*----*----*----*----*----*----*----*----*----*----*----*----*----*----*----*----*----*----*----*----*----*----*----*----*----*----*----*----*----*----*----*----*----*----*
"v_[GGGG[{)^yR8	Gw_c],D[{)^yR8	Gw_c]gD[{)^yR8	Gw_c]vD[{)^yR8	Gw_c]kD[{)^yR8	Gw_c]_D[{)^yR8	Gw_cw_D[{)^yR8	Gw_cwkD[{)^yR8	Gw_cwvD[{)^yR8	Gw_cwgD[{)^yR8	Gw_cw,D[{)^yR8	Gw_c!,D[{)^yR8	Gw_c!gD[{)^yR8	Gw_c!vD[{)^yR8	Gw_c!kD[{)^yR8	Gw_c!_D[GGGG[GGGG[GGGG[GGGG[GGGG[GGGG[GGGG[GGGG[GGGG[GGGG[GGGG[GGGG[GGGG[GGGG[GGGG[GGGG[GGGG[GGGG[GGGG[GGGG[GGGG[GGGG[GGGG[GGGG[GGGG[GGGG[GGGG[GGGG[GGGG[GGGG[GGGG[GGGG[GGGG[GGGG[GGGG[GGGG[GGGG[GGGG[GGGG[GGGG[GGGG[GGGG[GGGG[GGGG[GGGG[GGGG[GGGG[GGGG[GGGG[GGGG[GGGG[GGGG[GGGG[GGGG[GGGG[GGGG[GGGG[GGGG[GGGG[GGGG[GGGG[GGGG[GGGG[GGGG[GGGG[GGGG[GGGG[GGGG[GGGG[GGGG[GGGG[GGGG[GGGG[GGGG[GGGG[GGGG[GGGG[GGGG[GGGG[GGGG[GGGG[GGGG[GGGG[GGGG[GGGG[GGGG[GGGG[GGGG[GGGG[GGGG[GGGG[GGGG[
tc3}oooo}*"2KZ.ho3gewiO}*"2KZ.ho3gewpO}*"2KZ.ho3gewwO}*"2KZ.ho3gew<O}*"2KZ.ho3gew3O}*"2KZ.ho3ge33O}*"2KZ.ho3ge3<O}*"2KZ.ho3ge3wO}*"2KZ.ho3ge3pO}*"2KZ.ho3ge3iO}*"2KZ.ho3ge<iO}*"2KZ.ho3ge<pO}*"2KZ.ho3ge<wO}*"2KZ.ho3ge<<O}*"2KZ.ho3ge<3O}oooo}oooo}oooo}oooo}oooo}oooo}oooo}oooo}oooo}oooo}oooo}oooo}oooo}oooo}oooo}oooo}oooo}oooo}oooo}oooo}oooo}oooo}oooo}oooo}oooo}oooo}oooo}oooo}oooo}oooo}oooo}oooo}oooo}oooo}oooo}oooo}oooo}oooo}oooo}oooo}oooo}oooo}oooo}oooo}oooo}oooo}oooo}oooo}oooo}oooo}oooo}oooo}oooo}oooo}oooo}oooo}oooo}oooo}oooo}oooo}oooo}oooo}oooo}oooo}oooo}oooo}oooo}oooo}oooo}oooo}oooo}oooo}oooo}oooo}oooo}oooo}oooo}oooo}oooo}oooo}oooo}oooo}oooo}oooo}oooo}oooo}oooo}oooo}oooo}oooo}oooo}oooo}
$IUBZZZZBwO-by74ZffTNdGBwO-by74ZffTN.GBwO-by74ZffTNIGBwO-by74ZffTNUGBwO-by74ZffTN	GBwO-by74ZffTf	GBwO-by74ZffTfUGBwO-by74ZffTfIGBwO-by74ZffTf.GBwO-by74ZffTfdGBwO-by74ZffTCdGBwO-by74ZffTC.GBwO-by74ZffTCIGBwO-by74ZffTCUGBwO-by74ZffTC	GBZZZZBZZZZBZZZZBZZZZBZZZZBZZZZBZZZZBZZZZBZZZZBZZZZBZZZZBZZZZBZZZZBZZZZBZZZZBZZZZBZZZZBZZZZBZZZZBZZZZBZZZZBZZZZBZZZZBZZZZBZZZZBZZZZBZZZZBZZZZBZZZZBZZZZBZZZZBZZZZBZZZZBZZZZBZZZZBZZZZBZZZZBZZZZBZZZZBZZZZBZZZZBZZZZBZZZZBZZZZBZZZZBZZZZBZZZZBZZZZBZZZZBZZZZBZZZZBZZZZBZZZZBZZZZBZZZZBZZZZBZZZZBZZZZBZZZZBZZZZBZZZZBZZZZBZZZZBZZZZBZZZZBZZZZBZZZZBZZZZBZZZZBZZZZBZZZZBZZZZBZZZZBZZZZBZZZZBZZZZBZZZZBZZZZBZZZZBZZZZBZZZZBZZZZBZZZZBZZZZBZZZZBZZZZBZZZZBZZZZBZZZZBZZZZBZZZZBZZZZB
%MXDLLLLD{g20CP+L<<?RcmD{g20CP+L<<?R^mD{g20CP+L<<?RRmD{g20CP+L<<?RXmD{g20CP+L<<?R<mD{g20CP+L<<?<<mD{g20CP+L<<?<XmD{g20CP+L<<?<RmD{g20CP+L<<?<^mD{g20CP+L<<?<cmD{g20CP+L<<?XcmD{g20CP+L<<?X^mD{g20CP+L<<?XRmD{g20CP+L<<?XXmD{g20CP+L<<?X<mDLLLLDLLLLDLLLLDLLLLDLLLLDLLLLDLLLLDLLLLDLLLLDLLLLDLLLLDLLLLDLLLLDLLLLDLLLLDLLLLDLLLLDLLLLDLLLLDLLLLDLLLLDLLLLDLLLLDLLLLDLLLLDLLLLDLLLLDLLLLDLLLLDLLLLDLLLLDLLLLDLLLLDLLLLDLLLLDLLLLDLLLLDLLLLDLLLLDLLLLDLLLLDLLLLDLLLLDLLLLDLLLLDLLLLDLLLLDLLLLDLLLLDLLLLDLLLLDLLLLDLLLLDLLLLDLLLLDLLLLDLLLLDLLLLDLLLLDLLLLDLLLLDLLLLDLLLLDLLLLDLLLLDLLLLDLLLLDLLLLDLLLLDLLLLDLLLLDLLLLDLLLLDLLLLDLLLLDLLLLDLLLLDLLLLDLLLLDLLLLDLLLLDLLLLDLLLLDLLLLDLLLLDLLLLDLLLLDLLLLDLLLLDLLLLDLLLLDLLLLD
y		xKKKKx<@e2n0VKNPL&ix<@e2n0VKNPL ix<@e2n0VKNPL	ix<@e2n0VKNPLwix<@e2n0VKNPL5ix<@e2n0VKNP`5ix<@e2n0VKNP`wix<@e2n0VKNP`	ix<@e2n0VKNP` ix<@e2n0VKNP`&ix<@e2n0VKNPj&ix<@e2n0VKNPj ix<@e2n0VKNPj	ix<@e2n0VKNPjwix<@e2n0VKNPj5ixKKKKxKKKKxKKKKxKKKKxKKKKxKKKKxKKKKxKKKKxKKKKxKKKKxKKKKxKKKKxKKKKxKKKKxKKKKxKKKKxKKKKxKKKKxKKKKxKKKKxKKKKxKKKKxKKKKxKKKKxKKKKxKKKKxKKKKxKKKKxKKKKxKKKKxKKKKxKKKKxKKKKxKKKKxKKKKxKKKKxKKKKxKKKKxKKKKxKKKKxKKKKxKKKKxKKKKxKKKKxKKKKxKKKKxKKKKxKKKKxKKKKxKKKKxKKKKxKKKKxKKKKxKKKKxKKKKxKKKKxKKKKxKKKKxKKKKxKKKKxKKKKxKKKKxKKKKxKKKKxKKKKxKKKKxKKKKxKKKKxKKKKxKKKKxKKKKxKKKKxKKKKxKKKKxKKKKxKKKKxKKKKxKKKKxKKKKxKKKKxKKKKxKKKKxKKKKxKKKKxKKKKxKKKKxKKKKxKKKKxKKKKxKKKKxKKKKxKKKKx
xH m____m9.,o3a&_Z[RZXm9.,o3a&_Z[RGXm9.,o3a&_Z[R Xm9.,o3a&_Z[RJXm9.,o3a&_Z[RRXm9.,o3a&_Z[JRXm9.,o3a&_Z[JJXm9.,o3a&_Z[J Xm9.,o3a&_Z[JGXm9.,o3a&_Z[JZXm9.,o3a&_Z[ ZXm9.,o3a&_Z[ GXm9.,o3a&_Z[  Xm9.,o3a&_Z[ JXm9.,o3a&_Z[ RXm____m____m____m____m____m____m____m____m____m____m____m____m____m____m____m____m____m____m____m____m____m____m____m____m____m____m____m____m____m____m____m____m____m____m____m____m____m____m____m____m____m____m____m____m____m____m____m____m____m____m____m____m____m____m____m____m____m____m____m____m____m____m____m____m____m____m____m____m____m____m____m____m____m____m____m____m____m____m____m____m____m____m____m____m____m____m____m____m____m____m____m____m
3	fMXXXXM.)6i*n!X5cB~UM.)6i*n!X5cBfUM.)6i*n!X5cB	UM.)6i*n!X5cBmUM.)6i*n!X5cB<UM.)6i*n!X5cy<UM.)6i*n!X5cymUM.)6i*n!X5cy	UM.)6i*n!X5cyfUM.)6i*n!X5cy~UM.)6i*n!X5c;~UM.)6i*n!X5c;fUM.)6i*n!X5c;	UM.)6i*n!X5c;mUM.)6i*n!X5c;<UMXXXXMXXXXMXXXXMXXXXMXXXXMXXXXMXXXXMXXXXMXXXXMXXXXMXXXXMXXXXMXXXXMXXXXMXXXXMXXXXMXXXXMXXXXMXXXXMXXXXMXXXXMXXXXMXXXXMXXXXMXXXXMXXXXMXXXXMXXXXMXXXXMXXXXMXXXXMXXXXMXXXXMXXXXMXXXXMXXXXMXXXXMXXXXMXXXXMXXXXMXXXXMXXXXMXXXXMXXXXMXXXXMXXXXMXXXXMXXXXMXXXXMXXXXMXXXXMXXXXMXXXXMXXXXMXXXXMXXXXMXXXXMXXXXMXXXXMXXXXMXXXXMXXXXMXXXXMXXXXMXXXXMXXXXMXXXXMXXXXMXXXXMXXXXMXXXXMXXXXMXXXXMXXXXMXXXXMXXXXMXXXXMXXXXMXXXXMXXXXMXXXXMXXXXMXXXXMXXXXMXXXXMXXXXMXXXXMXXXXMXXXXMXXXXMXXXXMXXXXM
+M@X1111XtcGZx]k1z7KCHXtcGZx]k1z7KzHXtcGZx]k1z7KBHXtcGZx]k1z7K|HXtcGZx]k1z7KKHXtcGZx]k1z7|KHXtcGZx]k1z7||HXtcGZx]k1z7|BHXtcGZx]k1z7|zHXtcGZx]k1z7|CHXtcGZx]k1z7BCHXtcGZx]k1z7BzHXtcGZx]k1z7BBHXtcGZx]k1z7B|HXtcGZx]k1z7BKHX1111X1111X1111X1111X1111X1111X1111X1111X1111X1111X1111X1111X1111X1111X1111X1111X1111X1111X1111X1111X1111X1111X1111X1111X1111X1111X1111X1111X1111X1111X1111X1111X1111X1111X1111X1111X1111X1111X1111X1111X1111X1111X1111X1111X1111X1111X1111X1111X1111X1111X1111X1111X1111X1111X1111X1111X1111X1111X1111X1111X1111X1111X1111X1111X1111X1111X1111X1111X1111X1111X1111X1111X1111X1111X1111X1111X1111X1111X1111X1111X1111X1111X1111X1111X1111X1111X1111X1111X1111X1111X1111X1111X
;-@I!!!!IVZhQL%b!^Cz-AEIVZhQL%b!^Cz-REIVZhQL%b!^Cz--EIVZhQL%b!^Cz-<EIVZhQL%b!^Cz-CEIVZhQL%b!^CzCEIVZhQL%b!^Cz<EIVZhQL%b!^Cz-EIVZhQL%b!^CzREIVZhQL%b!^CzAEIVZhQL%b!^Cz<AEIVZhQL%b!^Cz<REIVZhQL%b!^Cz<-EIVZhQL%b!^Cz<<EIVZhQL%b!^Cz<CEI!!!!I!!!!I!!!!I!!!!I!!!!I!!!!I!!!!I!!!!I!!!!I!!!!I!!!!I!!!!I!!!!I!!!!I!!!!I!!!!I!!!!I!!!!I!!!!I!!!!I!!!!I!!!!I!!!!I!!!!I!!!!I!!!!I!!!!I!!!!I!!!!I!!!!I!!!!I!!!!I!!!!I!!!!I!!!!I!!!!I!!!!I!!!!I!!!!I!!!!I!!!!I!!!!I!!!!I!!!!I!!!!I!!!!I!!!!I!!!!I!!!!I!!!!I!!!!I!!!!I!!!!I!!!!I!!!!I!!!!I!!!!I!!!!I!!!!I!!!!I!!!!I!!!!I!!!!I!!!!I!!!!I!!!!I!!!!I!!!!I!!!!I!!!!I!!!!I!!!!I!!!!I!!!!I!!!!I!!!!I!!!!I!!!!I!!!!I!!!!I!!!!I!!!!I!!!!I!!!!I!!!!I!!!!I!!!!I!!!!I!!!!I!!!!I!!!!I!!!!I
1t;,////,f <i~8G/S!ut9",f <i~8G/S!ut;",f <i~8G/S!utU",f <i~8G/S!utQ",f <i~8G/S!utS",f <i~8G/S!uS",f <i~8G/S!uQ",f <i~8G/S!uU",f <i~8G/S!u;",f <i~8G/S!u9",f <i~8G/S!u=9",f <i~8G/S!u=;",f <i~8G/S!u=U",f <i~8G/S!u=Q",f <i~8G/S!u=S",////,////,////,////,////,////,////,f <iIePAvhzAtaj%M<j9g\fATs{AMw^[{)^y:P>.UqmBwO-b([=_+/`DLLLLDLLLLDLLLLDLLLLDLLLLDLLLLDLLLLDLLLLDLLLLDLLLLDLLLLDLLLLDLLLLDLLLLDLLLLDLLLLDLLLLDLLLLDLLLLDLLLLDLLLLDLLLLDLLLLDLLLLDLLLLDLLLLDLLLLDLLLLDLLLLDLLLLDLLLLDLLLLDLLLLDLLLLDLLLLDLLLLDLLLLDLLLLDLLLLDLLLLDLLLLDLLLLDLLLLDLLLLDLLLLDLLLLDLLLLDLLLLDLLLLDLLLLDLLLLDLLLLDLLLLDLLLLDLLLLDLLLLDLLLLDLLLLDLLLLDLLLLDLLLLDLLLLDLLLLDLLLLDLLLLDLLLLDLLLLDLLLLDLLLLDLLLLDLLLLDLLLLDLLLLDLLLLDLLLLDLLLLDLLLLDLLLLDLLLLDLLLLDLLLLD
yj5xKKKKx<@e2n0VKLLP	&ix<@e2n0VKLLP	 ix<@e2n0VKLLP		ix<@e2n0VKLLP	wix<@e2n0VKLLP	5ix<@e2n0VKLLP5ix<@e2n0VKLLPwix<@e2n0VKLLP	ix<@e2n0VKLLP ix<@e2n0VKLLP&ix<@e2n0VKLLPw&ix<@e2n0VKLLPw ix<@e2n0VKLLPw	ix<@e2n0VKLLPwwix<@e2n0VKLLPw5ixKKKKx<@e2=0VKw5P5ix<@e2=0VKw5Pwix<@e2=0VKw5P	ix<@e2=0VKw5P ix<@e2=0VKw5P&ix<@e2=0VKwLP&ix<@e2=0VKwLP ix<@e2=0VKwLP	ix<@e2=0VKwLPwix<@e2=0VKwLP5ixKKKKxKKKKxKKKKxKKKKxKKKKxKKKKxKKKKxKKKKxKKKKxKKKKxKKKKxKKKKxKKKKxKKKKxKKKKxKKKKxKKKKxKKKKxKKKKxKKKKxKKKKxKKKKxKKKKxKKKKxKKKKxKKKKxKKKKxKKKKxKKKKxKKKKxKKKKxKKKKxKKKKxKKKKxKKKKxKKKKxKKKKxKKKKxKKKKxKKKKxKKKKxKKKKxKKKKxKKKKxKKKKxKKKKxKKKKxKKKKxKKKKxKKKKxKKKKxKKKKxKKKKxKKKKxKKKKxKKKKxKKKKxKKKKxKKKKxKKKKxKKKKxKKKKxKKKKxKKKKxKKKKxKKKKxKKKKxKKKKxKKKKxKKKKxKKKKxKKKKxKKKKxKKKKxKKKKxKKKKxKKKKxKKKKxKKKKxKKKKxKKKKx
x Rm____m9.,o3a&_RR[HZXm9.,o3a&_RR[HGXm9.,o3a&_RR[H Xm9.,o3a&_RR[HJXm9.,o3a&_RR[HRXm9.,o3a&_RR[RXm9.,o3a&_RR[JXm9.,o3a&_RR[ Xm9.,o3a&_RR[GXm9.,o3a&_RR[ZXm9.,o3a&_RR[NZXm9.,o3a&_RR[NGXm9.,o3a&_RR[N Xm9.,o3a&_RR[NJXm9.,o3a&_RR[NRXm____m9.,oFa&_Nl[RXm9.,oFa&_Nl[JXm9.,oFa&_Nl[ Xm9.,oFa&_Nl[GXm9.,oFa&_Nl[ZXm9.,oFa&_NR[ZXm9.,oFa&_NR[GXm9.,oFa&_NR[ Xm9.,oFa&_NR[JXm9.,oFa&_NR[RXm____m____m____m____m____m____m____m____m____m____m____m____m____m____m____m____m____m____m____m____m____m____m____m____m____m____m____m____m____m____m____m____m____m____m____m____m____m____m____m____m____m____m____m____m____m____m____m____m____m____m____m____m____m____m____m____m____m____m____m____m____m____m____m____m____m____m____m____m____m____m____m____m____m____m____m____m____m____m____m____m____m
3;mMXXXXM.)6i*n!XBmc~UM.)6i*n!XBmcfUM.)6i*n!XBmc	UM.)6i*n!XBmcmUM.)6i*n!XBmc<UM.)6i*n!XBmcm<UM.)6i*n!XBmcmmUM.)6i*n!XBmcm	UM.)6i*n!XBmcmfUM.)6i*n!XBmcm~UM.)6i*n!XBmc	~UM.)6i*n!XBmc	fUM.)6i*n!XBmc		UM.)6i*n!XBmc	mUM.)6i*n!XBmc	<UMXXXXM.)6idn!Xmmc<UM.)6idn!XmmcmUM.)6idn!Xmmc	UM.)6idn!XmmcfUM.)6idn!Xmmc~UM.)6idn!Xmyc~UM.)6idn!XmycfUM.)6idn!Xmyc	UM.)6idn!XmycmUM.)6idn!Xmyc<UMXXXXMXXXXMXXXXMXXXXMXXXXMXXXXMXXXXMXXXXMXXXXMXXXXMXXXXMXXXXMXXXXMXXXXMXXXXMXXXXMXXXXMXXXXMXXXXMXXXXMXXXXMXXXXMXXXXMXXXXMXXXXMXXXXMXXXXMXXXXMXXXXMXXXXMXXXXMXXXXMXXXXMXXXXMXXXXMXXXXMXXXXMXXXXMXXXXMXXXXMXXXXMXXXXMXXXXMXXXXMXXXXMXXXXMXXXXMXXXXMXXXXMXXXXMXXXXMXXXXMXXXXMXXXXMXXXXMXXXXMXXXXMXXXXMXXXXMXXXXMXXXXMXXXXMXXXXMXXXXMXXXXMXXXXMXXXXMXXXXMXXXXMXXXXMXXXXMXXXXMXXXXMXXXXMXXXXMXXXXMXXXXMXXXXMXXXXMXXXXMXXXXM
+B|X1111XtcGZx]k1Km7CHXtcGZx]k1Km7zHXtcGZx]k1Km7BHXtcGZx]k1Km7|HXtcGZx]k1Km7KHXtcGZx]k1Km7mKHXtcGZx]k1Km7m|HXtcGZx]k1Km7mBHXtcGZx]k1Km7mzHXtcGZx]k1Km7mCHXtcGZx]k1Km7MCHXtcGZx]k1Km7MzHXtcGZx]k1Km7MBHXtcGZx]k1Km7M|HXtcGZx]k1Km7MKHX1111XtcGZU]k1mm7KHXtcGZU]k1mm7|HXtcGZU]k1mm7BHXtcGZU]k1mm7zHXtcGZU]k1mm7CHXtcGZU]k1m|7CHXtcGZU]k1m|7zHXtcGZU]k1m|7BHXtcGZU]k1m|7|HXtcGZU]k1m|7KHX1111X1111X1111X1111X1111X1111X1111X1111X1111X1111X1111X1111X1111X1111X1111X1111X1111X1111X1111X1111X1111X1111X1111X1111X1111X1111X1111X1111X1111X1111X1111X1111X1111X1111X1111X1111X1111X1111X1111X1111X1111X1111X1111X1111X1111X1111X1111X1111X1111X1111X1111X1111X1111X1111X1111X1111X1111X1111X1111X1111X1111X1111X1111X1111X1111X1111X1111X1111X1111X1111X1111X1111X1111X1111X1111X1111X1111X1111X1111X1111X1111X
;7-I!!!!IVZhQL%b!^"zAEIVZhQL%b!^"zREIVZhQL%b!^"z-EIVZhQL%b!^"z<EIVZhQL%b!^"zCEIVZhQL%b!^"z<CEIVZhQL%b!^"z<<EIVZhQL%b!^"z<-EIVZhQL%b!^"z<REIVZhQL%b!^"z<AEIVZhQL%b!^"z-AEIVZhQL%b!^"z-REIVZhQL%b!^"z--EIVZhQL%b!^"z-<EIVZhQL%b!^"z-CEI!!!!IVZhQ %b!<-zCEIVZhQ %b!<-z<EIVZhQ %b!<-z-EIVZhQ %b!<-zREIVZhQ %b!<-zAEIVZhQ %b!<7zAEIVZhQ %b!<7zREIVZhQ %b!<7z-EIVZhQ %b!<7z<EIVZhQ %b!<7zCEI!!!!I!!!!I!!!!I!!!!I!!!!I!!!!I!!!!I!!!!I!!!!I!!!!I!!!!I!!!!I!!!!I!!!!I!!!!I!!!!I!!!!I!!!!I!!!!I!!!!I!!!!I!!!!I!!!!I!!!!I!!!!I!!!!I!!!!I!!!!I!!!!I!!!!I!!!!I!!!!I!!!!I!!!!I!!!!I!!!!I!!!!I!!!!I!!!!I!!!!I!!!!I!!!!I!!!!I!!!!I!!!!I!!!!I!!!!I!!!!I!!!!I!!!!I!!!!I!!!!I!!!!I!!!!I!!!!I!!!!I!!!!I!!!!I!!!!I!!!!I!!!!I!!!!I!!!!I!!!!I!!!!I!!!!I!!!!I!!!!I!!!!I!!!!I!!!!I!!!!I!!!!I!!!!I!!!!I!!!!I!!!!I!!!!I!!!!I!!!!I!!!!I
1UU,////,f <i~8G/SQu9",f <i~8G/SQu;",f <i~8G/SQuU",f <i~8G/SQuQ",f <i~8G/SQuS",f <i~8G/SQu=S",f <i~8G/SQu=Q",f <i~8G/SQu=U",f <i~8G/SQu=;",f <i~8G/SQu=9",f <i~8G/SQut9",f <i~8G/SQut;",f <i~8G/SQutU",f <i~8G/SQutQ",f <i~8G/SQutS",////,f <i$8G/=tuS",f <i$8G/=tuQ",f <i$8G/=tuU",f <i$8G/=tu;",f <i$8G/=tu9",f <i$8G/=Uu9",f <i$8G/=Uu;",f <i$8G/=UuU",f <i$8G/=UuQ",f <i$8G/=UuS",////,////,////,////,////,////,////,////,////,////,////,////,////,////,////,////,////,////,////,////,////,////,////,////,////,////,////,////,////,////,////,////,////,////,////,////,////,////,////,////,////,////,////,////,////,////,////,////,////,////,////,////,////,////,////,////,////,////,////,////,////,////,////,////,////,////,////,////,////,////,////,////,////,////,////,////,////,////,////,////,////,
:&rHYYYYH0-(At2nYz1@&g<H0-(At2nYz1@&r<H0-(At2nYz1@&1<H0-(At2nYz1@&s<H0-(At2nYz1@&+<H0-(At2nYz1@z+<H0-(At2nYz1@zs<H0-(At2nYz1@z1<H0-(At2nYz1@zr<H0-(At2nYz1@zg<H0-(At2nYz1@!g<H0-(At2nYz1@!r<H0-(At2nYz1@!1<H0-(At2nYz1@!s<H0-(At2nYz1@!+<HYYYYH0-(A~2nYsr@+<H0-(A~2nYsr@s<H0-(A~2nYsr@1<H0-(A~2nYsr@r<H0-(A~2nYsr@g<H0-(A~2nYsg@g<H0-(A~2nYsg@r<H0-(A~2nYsg@1<H0-(A~2nYsg@s<H0-(A~2nYsg@+<HYYYYHYYYYHYYYYHYYYYHYYYYHYYYYHYYYYHYYYYHYYYYHYYYYHYYYYHYYYYHYYYYHYYYYHYYYYHYYYYHYYYYHYYYYHYYYYHYYYYHYYYYHYYYYHYYYYHYYYYHYYYYHYYYYHYYYYHYYYYHYYYYHYYYYHYYYYHYYYYHYYYYHYYYYHYYYYHYYYYHYYYYHYYYYHYYYYHYYYYHYYYYHYYYYHYYYYHYYYYHYYYYHYYYYHYYYYHYYYYHYYYYHYYYYHYYYYHYYYYHYYYYHYYYYHYYYYHYYYYHYYYYHYYYYHYYYYHYYYYHYYYYHYYYYHYYYYHYYYYHYYYYHYYYYHYYYYHYYYYHYYYYHYYYYHYYYYHYYYYHYYYYHYYYYHYYYYHYYYYHYYYYHYYYYHYYYYHYYYYHYYYYH
Qvi%""""%M<j9eq["SO]vu4%M<j9eq["SO]v	4%M<j9eq["SO]vv4%M<j9eq["SO]vf4%M<j9eq["SO]vS4%M<j9eq["SO]SS4%M<j9eq["SO]Sf4%M<j9eq["SO]Sv4%M<j9eq["SO]S	4%M<j9eq["SO]Su4%M<j9eq["SO]fu4%M<j9eq["SO]f	4%M<j9eq["SO]fv4%M<j9eq["SO]ff4%M<j9eq["SO]fS4%""""%M<j9Dq["}#]S4%M<j9Dq["}#]f4%M<j9Dq["}#]v4%M<j9Dq["}#]	4%M<j9Dq["}#]u4%M<j9Dq["}i]u4%M<j9Dq["}i]	4%M<j9Dq["}i]v4%M<j9Dq["}i]f4%M<j9Dq["}i]S4%""""%""""%""""%""""%""""%""""%""""%""""%""""%""""%""""%""""%""""%""""%""""%""""%""""%""""%""""%""""%""""%""""%""""%""""%""""%""""%""""%""""%""""%""""%""""%""""%""""%""""%""""%""""%""""%""""%""""%""""%""""%""""%""""%""""%""""%""""%""""%""""%""""%""""%""""%""""%""""%""""%""""%""""%""""%""""%""""%""""%""""%""""%""""%""""%""""%""""%""""%""""%""""%""""%""""%""""%""""%""""%""""%""""%""""%""""%""""%""""%""""%
l:~*----* kbAM7c-{:P:9e* kbAM7c-{:P:ae* kbAM7c-{:P:ie* kbAM7c-{:P:Ce* kbAM7c-{:P:,e* kbAM7c-{:P{,e* kbAM7c-{:P{Ce* kbAM7c-{:P{ie* kbAM7c-{:P{ae* kbAM7c-{:P{9e* kbAM7c-{:P|9e* kbAM7c-{:P|ae* kbAM7c-{:P|ie* kbAM7c-{:P|Ce* kbAM7c-{:P|,e*----* kbAG7c-C~P,e* kbAG7c-C~PCe* kbAG7c-C~Pie* kbAG7c-C~Pae* kbAG7c-C~P9e* kbAG7c-C(P9e* kbAG7c-C(Pae* kbAG7c-C(Pie* kbAG7c-C(PCe* kbAG7c-C(P,e*----*----*----*----*----*----*----*----*----*----*----*----*----*----*----*----*----*----*----*----*----*----*----*----*----*----*----*----*----*----*----*----*----*----*----*----*----*----*----*----*----*----*----*----*----*----*----*----*----*----*----*----*----*----*----*----*----*----*----*----*----*----*----*----*----*----*----*----*----*----*----*----*----*----*----*----*----*----*----*----*----*
"]x[GGGG[{)^yR8	Gw]c]XD[{)^yR8	Gw]c]xD[{)^yR8	Gw]c]]D[{)^yR8	Gw]c]!D[{)^yR8	Gw]c]wD[{)^yR8	Gw]cwwD[{)^yR8	Gw]cw!D[{)^yR8	Gw]cw]D[{)^yR8	Gw]cwxD[{)^yR8	Gw]cwXD[{)^yR8	Gw]c!XD[{)^yR8	Gw]c!xD[{)^yR8	Gw]c!]D[{)^yR8	Gw]c!!D[{)^yR8	Gw]c!wD[GGGG[{)^yA8	GkXcwD[{)^yA8	GkXc!D[{)^yA8	GkXc]D[{)^yA8	GkXcxD[{)^yA8	GkXcXD[{)^yA8	GkxcXD[{)^yA8	GkxcxD[{)^yA8	Gkxc]D[{)^yA8	Gkxc!D[{)^yA8	GkxcwD[GGGG[GGGG[GGGG[GGGG[GGGG[GGGG[GGGG[GGGG[GGGG[GGGG[GGGG[GGGG[GGGG[GGGG[GGGG[GGGG[GGGG[GGGG[GGGG[GGGG[GGGG[GGGG[GGGG[GGGG[GGGG[GGGG[GGGG[GGGG[GGGG[GGGG[GGGG[GGGG[GGGG[GGGG[GGGG[GGGG[GGGG[GGGG[GGGG[GGGG[GGGG[GGGG[GGGG[GGGG[GGGG[GGGG[GGGG[GGGG[GGGG[GGGG[GGGG[GGGG[GGGG[GGGG[GGGG[GGGG[GGGG[GGGG[GGGG[GGGG[GGGG[GGGG[GGGG[GGGG[GGGG[GGGG[GGGG[GGGG[GGGG[GGGG[GGGG[GGGG[GGGG[GGGG[GGGG[GGGG[GGGG[GGGG[GGGG[GGGG[GGGG[
t]g}oooo}*"2KZ.ho3ne3=O}*"2KZ.ho3ne3]O}*"2KZ.ho3ne3cO}*"2KZ.ho3ne3nO}*"2KZ.ho3ne3gO}*"2KZ.ho3ne<gO}*"2KZ.ho3ne<nO}*"2KZ.ho3ne<cO}*"2KZ.ho3ne<]O}*"2KZ.ho3ne<=O}*"2KZ.ho3new=O}*"2KZ.ho3new]O}*"2KZ.ho3newcO}*"2KZ.ho3newnO}*"2KZ.ho3newgO}oooo}*"2K_.ho<gegO}*"2K_.ho<genO}*"2K_.ho<gecO}*"2K_.ho<ge]O}*"2K_.ho<ge=O}*"2K_.ho<3e=O}*"2K_.ho<3e]O}*"2K_.ho<3ecO}*"2K_.ho<3enO}*"2K_.ho<3egO}oooo}oooo}oooo}oooo}oooo}oooo}oooo}oooo}oooo}oooo}oooo}oooo}oooo}oooo}oooo}oooo}oooo}oooo}oooo}oooo}oooo}oooo}oooo}oooo}oooo}oooo}oooo}oooo}oooo}oooo}oooo}oooo}oooo}oooo}oooo}oooo}oooo}oooo}oooo}oooo}oooo}oooo}oooo}oooo}oooo}oooo}oooo}oooo}oooo}oooo}oooo}oooo}oooo}oooo}oooo}oooo}oooo}oooo}oooo}oooo}oooo}oooo}oooo}oooo}oooo}oooo}oooo}oooo}oooo}oooo}oooo}oooo}oooo}oooo}oooo}oooo}oooo}oooo}oooo}oooo}oooo}
$.fBZZZZBwO-by74ZfUTf%GBwO-by74ZfUTfaGBwO-by74ZfUTfNGBwO-by74ZfUTfCGBwO-by74ZfUTffGBwO-by74ZfUTCfGBwO-by74ZfUTCCGBwO-by74ZfUTCNGBwO-by74ZfUTCaGBwO-by74ZfUTC%GBwO-by74ZfUTN%GBwO-by74ZfUTNaGBwO-by74ZfUTNNGBwO-by74ZfUTNCGBwO-by74ZfUTNfGBZZZZBwO-b,74ZC	TfGBwO-b,74ZC	TCGBwO-b,74ZC	TNGBwO-b,74ZC	TaGBwO-b,74ZC	T%GBwO-b,74ZCfT%GBwO-b,74ZCfTaGBwO-b,74ZCfTNGBwO-b,74ZCfTCGBwO-b,74ZCfTfGBZZZZBZZZZBZZZZBZZZZBZZZZBZZZZBZZZZBZZZZBZZZZBZZZZBZZZZBZZZZBZZZZBZZZZBZZZZBZZZZBZZZZBZZZZBZZZZBZZZZBZZZZBZZZZBZZZZBZZZZBZZZZBZZZZBZZZZBZZZZBZZZZBZZZZBZZZZBZZZZBZZZZBZZZZBZZZZBZZZZBZZZZBZZZZBZZZZBZZZZBZZZZBZZZZBZZZZBZZZZBZZZZBZZZZBZZZZBZZZZBZZZZBZZZZBZZZZBZZZZBZZZZBZZZZBZZZZBZZZZBZZZZBZZZZBZZZZBZZZZBZZZZBZZZZBZZZZBZZZZBZZZZBZZZZBZZZZBZZZZBZZZZBZZZZBZZZZBZZZZBZZZZBZZZZBZZZZBZZZZBZZZZBZZZZBZZZZBZZZZBZZZZB
%-&DLLLLD{g20CP+L<X?<>mD{g20CP+L<X?<-mD{g20CP+L<X?<MmD{g20CP+L<X?<&mD{g20CP+L<X?<ZmD{g20CP+L<X?XZmD{g20CP+L<X?X&mD{g20CP+L<X?XMmD{g20CP+L<X?X-mD{g20CP+L<X?X>mD{g20CP+L<X?R>mD{g20CP+L<X?R-mD{g20CP+L<X?RMmD{g20CP+L<X?R&mD{g20CP+L<X?RZmDLLLLD{g20IP+LX&?ZmD{g20IP+LX&?&mD{g20IP+LX&?MmD{g20IP+LX&?-mD{g20IP+LX&?>mD{g20IP+LXX?>mD{g20IP+LXX?-mD{g20IP+LXX?MmD{g20IP+LXX?&mD{g20IP+LXX?ZmDLLLLDLLLLDLLLLDLLLLDLLLLDLLLLDLLLLDLLLLDLLLLDLLLLDLLLLDLLLLDLLLLDLLLLDLLLLDLLLLDLLLLDLLLLDLLLLDLLLLDLLLLDLLLLDLLLLDLLLLDLLLLDLLLLDLLLLDLLLLDLLLLDLLLLDLLLLDLLLLDLLLLDLLLLDLLLLDLLLLDLLLLDLLLLDLLLLDLLLLDLLLLDLLLLDLLLLDLLLLDLLLLDLLLLDLLLLDLLLLDLLLLDLLLLDLLLLDLLLLDLLLLDLLLLDLLLLDLLLLDLLLLDLLLLDLLLLDLLLLDLLLLDLLLLDLLLLDLLLLDLLLLDLLLLDLLLLDLLLLDLLLLDLLLLDLLLLDLLLLDLLLLDLLLLDLLLLDLLLLDLLLLDLLLLDLLLLDLLLLDLLLLD
y `xKKKKx<@e2n0VKL`PLNix<@e2n0VKL`PL\ix<@e2n0VKL`PLjix<@e2n0VKL`PL`ix<@e2n0VKL`PLLix<@e2n0VKL`P`Lix<@e2n0VKL`P``ix<@e2n0VKL`P`jix<@e2n0VKL`P`\ix<@e2n0VKL`P`Nix<@e2n0VKL`PjNix<@e2n0VKL`Pj\ix<@e2n0VKL`Pjjix<@e2n0VKL`Pj`ix<@e2n0VKL`PjLixKKKKx<@e2=0VK`wPLix<@e2=0VK`wP`ix<@e2=0VK`wPjix<@e2=0VK`wP\ix<@e2=0VK`wPNix<@e2=0VK``PNix<@e2=0VK``P\ix<@e2=0VK``Pjix<@e2=0VK``P`ix<@e2=0VK``PLixKKKKxKKKKxKKKKxKKKKxKKKKxKKKKxKKKKxKKKKxKKKKxKKKKxKKKKxKKKKxKKKKxKKKKxKKKKxKKKKxKKKKxKKKKxKKKKxKKKKxKKKKxKKKKxKKKKxKKKKxKKKKxKKKKxKKKKxKKKKxKKKKxKKKKxKKKKxKKKKxKKKKxKKKKxKKKKxKKKKxKKKKxKKKKxKKKKxKKKKxKKKKxKKKKxKKKKxKKKKxKKKKxKKKKxKKKKxKKKKxKKKKxKKKKxKKKKxKKKKxKKKKxKKKKxKKKKxKKKKxKKKKxKKKKxKKKKxKKKKxKKKKxKKKKxKKKKxKKKKxKKKKxKKKKxKKKKxKKKKxKKKKxKKKKxKKKKxKKKKxKKKKxKKKKxKKKKxKKKKxKKKKxKKKKxKKKKxKKKKxKKKKx
x"Hm____m9.,o3a&_RH[H^Xm9.,o3a&_RH[H"Xm9.,o3a&_RH[HHXm9.,o3a&_RH[HNXm9.,o3a&_RH[HlXm9.,o3a&_RH[lXm9.,o3a&_RH[NXm9.,o3a&_RH[HXm9.,o3a&_RH["Xm9.,o3a&_RH[^Xm9.,o3a&_RH[N^Xm9.,o3a&_RH[N"Xm9.,o3a&_RH[NHXm9.,o3a&_RH[NNXm9.,o3a&_RH[NlXm____m9.,oFa&_JH[lXm9.,oFa&_JH[NXm9.,oFa&_JH[HXm9.,oFa&_JH["Xm9.,oFa&_JH[^Xm9.,oFa&_J [^Xm9.,oFa&_J ["Xm9.,oFa&_J [HXm9.,oFa&_J [NXm9.,oFa&_J [lXm____m____m____m____m____m____m____m____m____m____m____m____m____m____m____m____m____m____m____m____m____m____m____m____m____m____m____m____m____m____m____m____m____m____m____m____m____m____m____m____m____m____m____m____m____m____m____m____m____m____m____m____m____m____m____m____m____m____m____m____m____m____m____m____m____m____m____m____m____m____m____m____m____m____m____m____m____m____m____m____m____m
3f;MXXXXM.)6i*n!XB	c	:UM.)6i*n!XB	c	5UM.)6i*n!XB	c	;UM.)6i*n!XB	c	yUM.)6i*n!XB	c	BUM.)6i*n!XB	cBUM.)6i*n!XB	cyUM.)6i*n!XB	c;UM.)6i*n!XB	c5UM.)6i*n!XB	c:UM.)6i*n!XB	cm:UM.)6i*n!XB	cm5UM.)6i*n!XB	cm;UM.)6i*n!XB	cmyUM.)6i*n!XB	cmBUMXXXXM.)6idn!Xy	cBUM.)6idn!Xy	cyUM.)6idn!Xy	c;UM.)6idn!Xy	c5UM.)6idn!Xy	c:UM.)6idn!Xy;c:UM.)6idn!Xy;c5UM.)6idn!Xy;c;UM.)6idn!Xy;cyUM.)6idn!Xy;cBUMXXXXMXXXXMXXXXMXXXXMXXXXMXXXXMXXXXMXXXXMXXXXMXXXXMXXXXMXXXXMXXXXMXXXXMXXXXMXXXXMXXXXMXXXXMXXXXMXXXXMXXXXMXXXXMXXXXMXXXXMXXXXMXXXXMXXXXMXXXXMXXXXMXXXXMXXXXMXXXXMXXXXMXXXXMXXXXMXXXXMXXXXMXXXXMXXXXMXXXXMXXXXMXXXXMXXXXMXXXXMXXXXMXXXXMXXXXMXXXXMXXXXMXXXXMXXXXMXXXXMXXXXMXXXXMXXXXMXXXXMXXXXMXXXXMXXXXMXXXXMXXXXMXXXXMXXXXMXXXXMXXXXMXXXXMXXXXMXXXXMXXXXMXXXXMXXXXMXXXXMXXXXMXXXXMXXXXMXXXXMXXXXMXXXXMXXXXMXXXXMXXXXM
+NNX1111XtcGZx]k1KB7M@HXtcGZx]k1KB7MNHXtcGZx]k1KB7MMHXtcGZx]k1KB7MmHXtcGZx]k1KB7M;HXtcGZx]k1KB7;HXtcGZx]k1KB7mHXtcGZx]k1KB7MHXtcGZx]k1KB7NHXtcGZx]k1KB7@HXtcGZx]k1KB7m@HXtcGZx]k1KB7mNHXtcGZx]k1KB7mMHXtcGZx]k1KB7mmHXtcGZx]k1KB7m;HX1111XtcGZU]k1|N7;HXtcGZU]k1|N7mHXtcGZU]k1|N7MHXtcGZU]k1|N7NHXtcGZU]k1|N7@HXtcGZU]k1|@7@HXtcGZU]k1|@7NHXtcGZU]k1|@7MHXtcGZU]k1|@7mHXtcGZU]k1|@7;HX1111X1111X1111X1111X1111X1111X1111X1111X1111X1111X1111X1111X1111X1111X1111X1111X1111X1111X1111X1111X1111X1111X1111X1111X1111X1111X1111X1111X1111X1111X1111X1111X1111X1111X1111X1111X1111X1111X1111X1111X1111X1111X1111X1111X1111X1111X1111X1111X1111X1111X1111X1111X1111X1111X1111X1111X1111X1111X1111X1111X1111X1111X1111X1111X1111X1111X1111X1111X1111X1111X1111X1111X1111X1111X1111X1111X1111X1111X1111X1111X1111X
;RAI!!!!IVZhQL%b!^7z-@EIVZhQL%b!^7z-lEIVZhQL%b!^7z-7EIVZhQL%b!^7z-"EIVZhQL%b!^7z-^EIVZhQL%b!^7z^EIVZhQL%b!^7z"EIVZhQL%b!^7z7EIVZhQL%b!^7zlEIVZhQL%b!^7z@EIVZhQL%b!^7z<@EIVZhQL%b!^7z<lEIVZhQL%b!^7z<7EIVZhQL%b!^7z<"EIVZhQL%b!^7z<^EI!!!!IVZhQ %b!"Rz^EIVZhQ %b!"Rz"EIVZhQ %b!"Rz7EIVZhQ %b!"RzlEIVZhQ %b!"Rz@EIVZhQ %b!"Az@EIVZhQ %b!"AzlEIVZhQ %b!"Az7EIVZhQ %b!"Az"EIVZhQ %b!"Az^EI!!!!I!!!!I!!!!I!!!!I!!!!I!!!!I!!!!I!!!!I!!!!I!!!!I!!!!I!!!!I!!!!I!!!!I!!!!I!!!!I!!!!I!!!!I!!!!I!!!!I!!!!I!!!!I!!!!I!!!!I!!!!I!!!!I!!!!I!!!!I!!!!I!!!!I!!!!I!!!!I!!!!I!!!!I!!!!I!!!!I!!!!I!!!!I!!!!I!!!!I!!!!I!!!!I!!!!I!!!!I!!!!I!!!!I!!!!I!!!!I!!!!I!!!!I!!!!I!!!!I!!!!I!!!!I!!!!I!!!!I!!!!I!!!!I!!!!I!!!!I!!!!I!!!!I!!!!I!!!!I!!!!I!!!!I!!!!I!!!!I!!!!I!!!!I!!!!I!!!!I!!!!I!!!!I!!!!I!!!!I!!!!I!!!!I!!!!I!!!!I!!!!I
