Z$dZ2d=$Eo=3	aoSF=@mulmuRmuNmuJmuHmu mu"mu^muZmuGmuRlmuRRmuRNmuRJmuRHmuR muR"muR^muRZmuRGmuNlmuNRmuNNmuNJmuNHmuN muN"muN^muNZmuNGmuJlmuJRmuJNmuJJm
3<M.)6i*n!X<c~UM.)6i*n!X<cfUM.)6i*n!X<c	UM.)6i*n!X<cmUM.)6i*n!X<c<UM.)6i*n!X<cm<UM.)6i*n!X<cmmUM.)6i*n!X<cm	UM.)6i*n!X<cmfUM.)6i*n!X<cm~UM.)6i*n!X<c	~UM.)6i*n!X<c	fUM.)6i*n!X<c		UM.)6i*n!X<c	mUM.)6i*n!X<c	<UM.)6idn!X<c<UM.)6idn!X<cmUM.)6idn!X<c	UM.)6idn!X<cfUM.)6idn!X<c:UM.)6idn!X<c5UM.)6idn!X<cmBUM.)6idn!X<cm<UM.)6idn!X<cB:UM.)6idn!X<cBfUM.)6idn!X<cB	UM.)6idn!X<cBmUM.)6iA!+cyUM.)6iA!+cmUM.)6iA!+cBUM.)6iA!+c<UM.)6iA!+.n!XcBUM.)6i]Kt8.n!Xc<UM.)6i%n!X<c<UM
+KXtcGZx]k1;7CHXtcGZx]k1;7zHXtcGZx]k1;7BHXtcGZx]k1;7|HXtcGZx]k1;7KHXtcGZx]k1;7mKHXtcGZx]k1;7m|HXtcGZx]k1;7mBHXtcGZx]k1;7mzHXtcGZx]k1;7mCHXtcGZx]k1;7MCHXtcGZx]k1;7MzHXtcGZx]k1;7MBHXtcGZx]k1;7M|HXtcGZx]k1;7MKHXtcGZU]k1;7KHXtcGZU]k1;7|HXtcGZU]k1;7BHXtcGZU]k1;7@HXtcGZU]k1;7KKHXtcGZU]k1;7K;HXtcGZU]k1;7mmHXtcGZU]k1;7m|HXtcGZU]k1;7KzHXtcGZU]k1;7K@HXtcGZU]k1;7KBHXtcGZU]k1;7K|HXtcGZfkP7MHXtcGZfkP7BHXtcGZfkP7NHXtcGZfkP7@HX1111XtcGZtf/]k17;HX1111X
;<IVZhQL%b!^zAEIVZhQL%b!^zREIVZhQL%b!^z-EIVZhQL%b!^z<EIVZhQL%b!^zCEIVZhQL%b!^z<CEIVZhQL%b!^z<<EIVZhQL%b!^z<-EIVZhQL%b!^z<REIVZhQL%b!^z<AEIVZhQL%b!^z-AEIVZhQL%b!^z-REIVZhQL%b!^z--EIVZhQL%b!^z-<EIVZhQL%b!^z-CEIVZhQ %b!Cz<-EIVZhQ %b!Cz<REIVZhQ %b!Cz<@EIVZhQ %b!Cz"CEIVZhQ %b!Cz"<EIVZhQ %b!Cz""EIVZhQ %b!Cz-7EIVZhQ %b!Cz--EIVZhQ %b!Cz-<EIVZhQ %b!Cz-CEIVZhQ %b!Cz"@EIVZhQ %b!Cz"REIVZhQ`byz^^EIVZhQ`byz^CEIVZhQ`byzlEIVZhQ`byz@EIVZhQVFLLgQVL`zCEIVZhQr\ Zy%b!zCEIVZhQW%b!Cz^EI
1Q,f <i~8G/Su9",f <i~8G/Su;",f <i~8G/SuU",f <i~8G/SuQ",f <i~8G/SuS",f <i~8G/Su=S",f <i~8G/Su=Q",f <i~8G/Su=U",f <i~8G/Su=;",f <i~8G/Su=9",f <i~8G/Sut9",f <i~8G/Sut;",f <i~8G/SutU",f <i~8G/SutQ",f <i~8G/SutS",f <i$8G/!u=U",f <i$8G/!u=T",f <i$8G/!u=;",f <i$8G/!uQS",f <i$8G/!uQU",f <i$8G/!uQt",f <i$8G/!ut5",f <i$8G/!utT",f <i$8G/!utQ",f <i$8G/!utS",f <i$8G/!uQ;",f <i$8G/!uQT",f <isG\uS=",f <isG\uSQ",f <isG\uSt",f <isG\uSU",f <isG\f8G/u!",f <iBDEPIIe\@+<H0-(A.2nY+@s<H
QO%M<j9eq["}]vi4%M<j9eq["}]v#4%M<j9eq["}]vO4%M<j9eq["}]v}4%M<j9eq["}]v&4%M<j9eq["}]S&4%M<j9eq["}]S}4%M<j9eq["}]SO4%M<j9eq["}]S#4%M<j9eq["}]Si4%M<j9eq["}]fi4%M<j9eq["}]f#4%M<j9eq["}]fO4%M<j9eq["}]f}4%M<j9eq["}]f&4%M<j9Dq["S]&4%M<j9Dq["S]}4%M<j9Dq["S]O4%M<j9Dq["S]#4%M<j9Dq["S]u4%M<j9Dq["S]	4%M<j9Dq["S]}S4%M<j9Dq["S]}&4%M<j9Dq["S]Su4%M<j9Dq["S]S#4%M<j9Dq["S]SO4%M<j9Dq["S]S}4%M<j9A[a]S	4%M<j9A[a]Su4%M<j9A[a]Si4%M<j9A[a]S#4%M<j9A[aMq["]f4%M<j9?gT_Mq["]S4%M<j9@q["S]&4%
l:* kbAM7c-CP:~e* kbAM7c-CP:(e* kbAM7c-CP::e* kbAM7c-CP:|e* kbAM7c-CP:{e* kbAM7c-CP{{e* kbAM7c-CP{|e* kbAM7c-CP{:e* kbAM7c-CP{(e* kbAM7c-CP{~e* kbAM7c-CP|~e* kbAM7c-CP|(e* kbAM7c-CP|:e* kbAM7c-CP||e* kbAM7c-CP|{e* kbAG7c-{P{e* kbAG7c-{P|e* kbAG7c-{P:e* kbAG7c-{P9e* kbAG7c-{P{{e* kbAG7c-{P{,e* kbAG7c-{PCCe* kbAG7c-{PC|e* kbAG7c-{P{(e* kbAG7c-{P{9e* kbAG7c-{P{:e* kbAG7c-{P{|e* kbAfcJPC,e* kbAfcJPC{e* kbAfcJPCCe* kbAfcJPC|e*----* kbA fW7c-P{e*----*
"g[{)^yR8	G!c],D[{)^yR8	G!c]gD[{)^yR8	G!c]vD[{)^yR8	G!c]kD[{)^yR8	G!c]_D[{)^yR8	G!cw_D[{)^yR8	G!cwkD[{)^yR8	G!cwvD[{)^yR8	G!cwgD[{)^yR8	G!cw,D[{)^yR8	G!c!,D[{)^yR8	G!c!gD[{)^yR8	G!c!vD[{)^yR8	G!c!kD[{)^yR8	G!c!_D[{)^yA8	GwckvD[{)^yA8	GwckgD[{)^yA8	GwckXD[{)^yA8	Gwc!_D[{)^yA8	Gwc!kD[{)^yA8	Gwc!!D[{)^yA8	Gwcv]D[{)^yA8	GwcvvD[{)^yA8	GwcvkD[{)^yA8	Gwcv_D[{)^yA8	Gwc!XD[{)^yA8	Gwc!gD[{)^y|	?ck,D[{)^y|	?ckgD[{)^y|	?ck]D[{)^y|	?ckvD[{)^y{NRR y{R|cwD[{)^y:iA)?8	GcwD[{)^y-8	GwcwD[
t=}*"2KZ.ho<ewiO}*"2KZ.ho<ewpO}*"2KZ.ho<ewwO}*"2KZ.ho<ew<O}*"2KZ.ho<ew3O}*"2KZ.ho<e33O}*"2KZ.ho<e3<O}*"2KZ.ho<e3wO}*"2KZ.ho<e3pO}*"2KZ.ho<e3iO}*"2KZ.ho<e<iO}*"2KZ.ho<e<pO}*"2KZ.ho<e<wO}*"2KZ.ho<e<<O}*"2KZ.ho<e<3O}*"2K_.ho3enwO}*"2K_.ho3en=O}*"2K_.ho3enpO}*"2K_.ho3e<3O}*"2K_.ho3e<wO}*"2K_.ho3e<cO}*"2K_.ho3ec]O}*"2K_.ho3ec=O}*"2K_.ho3ec<O}*"2K_.ho3ec3O}*"2K_.ho3e<pO}*"2K_.ho3e<=O}*"2K>hPeniO}*"2K>hPenpO}*"2K>hPe<gO}*"2K>hPe<3O}*"2K>hP*.hoenO}*"2KxV\[11m9TfGBwO-b074ZfTUGB
%cD{g20CP+LZ?<>mD{g20CP+LZ?<-mD{g20CP+LZ?<MmD{g20CP+LZ?<&mD{g20CP+LZ?<ZmD{g20CP+LZ?XZmD{g20CP+LZ?X&mD{g20CP+LZ?XMmD{g20CP+LZ?X-mD{g20CP+LZ?X>mD{g20CP+LZ?R>mD{g20CP+LZ?R-mD{g20CP+LZ?RMmD{g20CP+LZ?R&mD{g20CP+LZ?RZmD{g20IP+L&?ZmD{g20IP+L&?&mD{g20IP+L&?MmD{g20IP+L&?-mD{g20IP+L&?cmD{g20IP+L&?^mD{g20IP+L&?&<mD{g20IP+L&?&ZmD{g20IP+L&?<cmD{g20IP+L&?<-mD{g20IP+L&?<MmD{g20IP+L&?<&mD{g20=+/?XRmD{g20=+/?XMmD{g20=+/?XXmD{g20=+/?X&mD{g20=+/{P+L?RmD{g20Nl"u{P+L?&mD{g20_P+L&?ZmD
y\x<@e2n0VK5PLNix<@e2n0VK5PL\ix<@e2n0VK5PLjix<@e2n0VK5PL`ix<@e2n0VK5PLLix<@e2n0VK5P`Lix<@e2n0VK5P``ix<@e2n0VK5P`jix<@e2n0VK5P`\ix<@e2n0VK5P`Nix<@e2n0VK5PjNix<@e2n0VK5Pj\ix<@e2n0VK5Pjjix<@e2n0VK5Pj`ix<@e2n0VK5PjLix<@e2=0VKwPLix<@e2=0VKwP`ix<@e2=0VKwPjix<@e2=0VKwP&ix<@e2=0VKwPLLix<@e2=0VKwPL5ix<@e2=0VKwPwwix<@e2=0VKwPw`ix<@e2=0VKwPL\ix<@e2=0VKwPL&ix<@e2=0VKwPLjix<@e2=0VKwPL`ix<@e2$VdP` ix<@e2$VdP`&ix<@e2$VdP`Nix<@e2$VdP`\ixKKKKx<@e2<$a0VKPwixKKKKx
xRlm9.,o3a&_R[R^Xm9.,o3a&_R[R"Xm9.,o3a&_R[RHXm9.,o3a&_R[RNXm9.,o3a&_R[RlXm9.,o3a&_R[JlXm9.,o3a&_R[JNXm9.,o3a&_R[JHXm9.,o3a&_R[J"Xm9.,o3a&_R[J^Xm9.,o3a&_R[ ^Xm9.,o3a&_R[ "Xm9.,o3a&_R[ HXm9.,o3a&_R[ NXm9.,o3a&_R[ lXm9.,oFa&_N[NHXm9.,oFa&_N[N"Xm9.,oFa&_N[NZXm9.,oFa&_N[JlXm9.,oFa&_N[JNXm9.,oFa&_N[JJXm9.,oFa&_N[H Xm9.,oFa&_N[HHXm9.,oFa&_N[HNXm9.,oFa&_N[HlXm9.,oFa&_N[JZXm9.,oFa&_N[J"Xm9.,o+&@[HJXm9.,o+&@[HNXm9.,o+&@[HRXm9.,o+&@[HlXm9.,o9	33Mo93+[NXm9.,o=2F.@a&_[NXm9.,o>a&_N[RXm
3BBM.)6i*n!XBcB:UM.)6i*n!XBcB5UM.)6i*n!XBcB;UM.)6i*n!XBcByUM.)6i*n!XBcBBUM.)6i*n!XBcyBUM.)6i*n!XBcyyUM.)6i*n!XBcy;UM.)6i*n!XBcy5UM.)6i*n!XBcy:UM.)6i*n!XBc;:UM.)6i*n!XBc;5UM.)6i*n!XBc;;UM.)6i*n!XBc;yUM.)6i*n!XBc;BUM.)6idn!Xmcm;UM.)6idn!Xmcm~UM.)6idn!Xmcm5UM.)6idn!XmcyBUM.)6idn!Xmcy;UM.)6idn!Xmcy	UM.)6idn!Xmc	fUM.)6idn!Xmc	~UM.)6idn!Xmc	yUM.)6idn!Xmc	BUM.)6idn!Xmcy5UM.)6idn!Xmcy~UM.)6iA!+c		UM.)6iA!+c	;UM.)6iA!+c	fUM.)6iA!+c	~UM.)6iA!+.n!Xc	UM.)6iFt(]KKb[7mHXtcGZb]k1m7mHX
;^<IVZhQL%b!<z-AEIVZhQL%b!<z-REIVZhQL%b!<z--EIVZhQL%b!<z-<EIVZhQL%b!<z-CEIVZhQL%b!<zCEIVZhQL%b!<z<EIVZhQL%b!<z-EIVZhQL%b!<zREIVZhQL%b!<zAEIVZhQL%b!<z<AEIVZhQL%b!<z<REIVZhQL%b!<z<-EIVZhQL%b!<z<<EIVZhQL%b!<z<CEIVZhQ %b!"zCEIVZhQ %b!"z<EIVZhQ %b!"z-EIVZhQ %b!"zREIVZhQ %b!"z@EIVZhQ %b!"zlEIVZhQ %b!"z<^EIVZhQ %b!"z<CEIVZhQ %b!"z^@EIVZhQ %b!"z^REIVZhQ %b!"z^-EIVZhQ %b!"z^<EIVZhQ`byz7^EIVZhQ`byz7CEIVZhQ`byz-lEIVZhQ`byz-@EIVZhQ`byV%b!zAEIVZhQFrg/V%b!z"EIVZhQW%b!"zCEI
1SQ,f <i~8G/=ut9",f <i~8G/=ut;",f <i~8G/=utU",f <i~8G/=utQ",f <i~8G/=utS",f <i~8G/=uS",f <i~8G/=uQ",f <i~8G/=uU",f <i~8G/=u;",f <i~8G/=u9",f <i~8G/=u=9",f <i~8G/=u=;",f <i~8G/=u=U",f <i~8G/=u=Q",f <i~8G/=u=S",f <i$8G/QuS",f <i$8G/QuQ",f <i$8G/QuU",f <i$8G/QuT",f <i$8G/QuSS",f <i$8G/QuS!",f <i$8G/Qu==",f <i$8G/Qu=Q",f <i$8G/QuS;",f <i$8G/QuST",f <i$8G/QuSU",f <i$8G/QuSQ",f <isG\uU=",f <isG\uUQ",f <isG\uUt",f <isG\uUU",////,f <ifs08G/uQ",////,
:z1H0-(At2nY!@1g<H0-(At2nY!@1r<H0-(At2nY!@11<H0-(At2nY!@1s<H0-(At2nY!@1+<H0-(At2nY!@+<H0-(At2nY!@s<H0-(At2nY!@1<H0-(At2nY!@r<H0-(At2nY!@g<H0-(At2nY!@sg<H0-(At2nY!@sr<H0-(At2nY!@s1<H0-(At2nY!@ss<H0-(At2nY!@s+<H0-(A~2nY!@s1<H0-(A~2nY!@sr<H0-(A~2nY!@sf<H0-(A~2nY!@!+<H0-(A~2nY!@!s<H0-(A~2nY!@!!<H0-(A~2nY!@1&<H0-(A~2nY!@11<H0-(A~2nY!@1s<H0-(A~2nY!@1+<H0-(A~2nY!@!f<H0-(A~2nY!@!r<H0-(APn[@&e<H0-(APn[@&f<H0-(APn[@&g<H0-(APn[@&r<H0-(A0qttWA0tP@!<H0-(A_?~-[2nY@!<H0-(A.2nY!@z<H
QSv%M<j9eq["f]Ou4%M<j9eq["f]O	4%M<j9eq["f]Ov4%M<j9eq["f]Of4%M<j9eq["f]OS4%M<j9eq["f]S4%M<j9eq["f]f4%M<j9eq["f]v4%M<j9eq["f]	4%M<j9eq["f]u4%M<j9eq["f]}u4%M<j9eq["f]}	4%M<j9eq["f]}v4%M<j9eq["f]}f4%M<j9eq["f]}S4%M<j9Dq["f]}v4%M<j9Dq["f]}i4%M<j9Dq["f]}	4%M<j9Dq["f]fS4%M<j9Dq["f]fv4%M<j9Dq["f]fO4%M<j9Dq["f]O#4%M<j9Dq["f]Oi4%M<j9Dq["f]Of4%M<j9Dq["f]OS4%M<j9Dq["f]f	4%M<j9Dq["f]fi4%M<j9A[a]#&4%M<j9A[a]#S4%M<j9A[a]#}4%M<j9A[a]#f4%M<j9A[aMq["]#4%M<j9XTW?gg\dP|e* kbA+7c-|PCe*
"wg[{)^yR8	Gvc,D[{)^yR8	GvcgD[{)^yR8	GvcvD[{)^yR8	GvckD[{)^yR8	Gvc_D[{)^yR8	Gvck_D[{)^yR8	GvckkD[{)^yR8	GvckvD[{)^yR8	GvckgD[{)^yR8	Gvck,D[{)^yR8	Gvcv,D[{)^yR8	GvcvgD[{)^yR8	GvcvvD[{)^yR8	GvcvkD[{)^yR8	Gvcv_D[{)^yA8	Gvc_D[{)^yA8	GvckD[{)^yA8	GvcvD[{)^yA8	GvcgD[{)^yA8	GvcXD[{)^yA8	GvcxD[{)^yA8	GvckwD[{)^yA8	Gvck_D[{)^yA8	GvcwXD[{)^yA8	GvcwgD[{)^yA8	GvcwvD[{)^yA8	GvcwkD[{)^y|	?cg,D[{)^y|	?cggD[{)^y|	?cg]D[{)^y|	?cgvD[{)^y|	?{8	GcxD[{)^yN: ({8	GcvD[{)^y-8	Gvc_D[
t3=}*"2KZ.hoceiO}*"2KZ.hocepO}*"2KZ.hocewO}*"2KZ.hoce<O}*"2KZ.hoce3O}*"2KZ.hocen3O}*"2KZ.hocen<O}*"2KZ.hocenwO}*"2KZ.hocenpO}*"2KZ.hoceniO}*"2KZ.hoceciO}*"2KZ.hocecpO}*"2KZ.hocecwO}*"2KZ.hocec<O}*"2KZ.hocec3O}*"2K_.hoce3O}*"2K_.hoce<O}*"2K_.hocewO}*"2K_.hoce=O}*"2K_.hoce33O}*"2K_.hoce3gO}*"2K_.hocennO}*"2K_.hocen<O}*"2K_.hoce3pO}*"2K_.hoce3=O}*"2K_.hoce3wO}*"2K_.hoce3<O}*"2K>hPe]iO}*"2K>hPe]pO}*"2K>hPe=gO}*"2K>hPe=3O}oooo}*"2K*>,.hoecO}oooo}
$f%BwO-by74ZNTdGBwO-by74ZNT.GBwO-by74ZNTIGBwO-by74ZNTUGBwO-by74ZNT	GBwO-by74ZNTU	GBwO-by74ZNTUUGBwO-by74ZNTUIGBwO-by74ZNTU.GBwO-by74ZNTUdGBwO-by74ZNTIdGBwO-by74ZNTI.GBwO-by74ZNTIIGBwO-by74ZNTIUGBwO-by74ZNTI	GBwO-b,74ZITUIGBwO-b,74ZITU.GBwO-b,74ZITU%GBwO-b,74ZITC	GBwO-b,74ZITCUGBwO-b,74ZITCCGBwO-b,74ZITINGBwO-b,74ZITIIGBwO-b,74ZITIUGBwO-b,74ZITI	GBwO-b,74ZITC%GBwO-b,74ZITC.GBwO-b64rTdNGBwO-b64rTdIGBwO-b64rTdCGBwO-b64rTdUGBwO-bwgyy_bwy6TIGBwO-b(;,Or74ZTIGBwO-b074ZITfGB
%<^D{g20CP+LR?cmD{g20CP+LR?^mD{g20CP+LR?RmD{g20CP+LR?XmD{g20CP+LR?<mD{g20CP+LR?&<mD{g20CP+LR?&XmD{g20CP+LR?&RmD{g20CP+LR?&^mD{g20CP+LR?&cmD{g20CP+LR?McmD{g20CP+LR?M^mD{g20CP+LR?MRmD{g20CP+LR?MXmD{g20CP+LR?M<mD{g20IP+LM?&RmD{g20IP+LM?&>mD{g20IP+LM?&^mD{g20IP+LM?X<mD{g20IP+LM?XRmD{g20IP+LM?XMmD{g20IP+LM?M-mD{g20IP+LM?M>mD{g20IP+LM?MXmD{g20IP+LM?M<mD{g20IP+LM?X^mD{g20IP+LM?X>mD{g20=+/?>-mD{g20=+/?>>mD{g20=+/?>cmD{g20=+/?>^mD{g20=+/{P+L?cmD{g20`"(Nll:,P	ix<@e2B0VK	Pwix
xNlm9.,o3a&_"[ ^Xm9.,o3a&_"[ "Xm9.,o3a&_"[ HXm9.,o3a&_"[ NXm9.,o3a&_"[ lXm9.,o3a&_"[RlXm9.,o3a&_"[RNXm9.,o3a&_"[RHXm9.,o3a&_"[R"Xm9.,o3a&_"[R^Xm9.,o3a&_"[J^Xm9.,o3a&_"[J"Xm9.,o3a&_"[JHXm9.,o3a&_"[JNXm9.,o3a&_"[JlXm9.,oFa&_ [lXm9.,oFa&_ [NXm9.,oFa&_ [HXm9.,oFa&_ ["Xm9.,oFa&_ [ZXm9.,oFa&_ [GXm9.,oFa&_ [NRXm9.,oFa&_ [NlXm9.,oFa&_ [RZXm9.,oFa&_ [R"Xm9.,oFa&_ [RHXm9.,oFa&_ [RNXm9.,o+&@[ZJXm9.,o+&@[ZNXm9.,o+&@[ZRXm9.,o+&@[ZlXm9.,o+&@9a&_[RRXm9.,o	=M59a&_[ Xm9.,o>a&_ [lXm
3mBM.)6i*n!Xfc;:UM.)6i*n!Xfc;5UM.)6i*n!Xfc;;UM.)6i*n!Xfc;yUM.)6i*n!Xfc;BUM.)6i*n!XfcBBUM.)6i*n!XfcByUM.)6i*n!XfcB;UM.)6i*n!XfcB5UM.)6i*n!XfcB:UM.)6i*n!Xfcy:UM.)6i*n!Xfcy5UM.)6i*n!Xfcy;UM.)6i*n!XfcyyUM.)6i*n!XfcyBUM.)6idn!X;cBUM.)6idn!X;cyUM.)6idn!X;c;UM.)6idn!X;c~UM.)6idn!X;cBBUM.)6idn!X;cB<UM.)6idn!X;cmmUM.)6idn!X;cmyUM.)6idn!X;cB5UM.)6idn!X;cB~UM.)6idn!X;cB;UM.)6idn!X;cByUM.)6iA!+c:	UM.)6iA!+c:;UM.)6iA!+c:fUM.)6iA!+c:~UMXXXXM.)6i.A\n!Xc;UMXXXXM
+mmXtcGZx]k1@7B@HXtcGZx]k1@7BNHXtcGZx]k1@7BMHXtcGZx]k1@7BmHXtcGZx]k1@7B;HXtcGZx]k1@7K;HXtcGZx]k1@7KmHXtcGZx]k1@7KMHXtcGZx]k1@7KNHXtcGZx]k1@7K@HXtcGZx]k1@7|@HXtcGZx]k1@7|NHXtcGZx]k1@7|MHXtcGZx]k1@7|mHXtcGZx]k1@7|;HXtcGZU]k1B7mMHXtcGZU]k1B7mNHXtcGZU]k1B7mCHXtcGZU]k1B7|;HXtcGZU]k1B7|mHXtcGZU]k1B7||HXtcGZU]k1B7MBHXtcGZU]k1B7MMHXtcGZU]k1B7MmHXtcGZU]k1B7M;HXtcGZU]k1B7|CHXtcGZU]k1B7|NHXtcGZfkP7zKHXtcGZfkP7z;HXtcGZfkP7CzHXtcGZfkP7CCHXtcGZtyxxaZtxf7BHXtcGZ",UcP]k17BHXtcGZb]k1B7KHX
;<"IVZhQL%b!Az7@EIVZhQL%b!Az7lEIVZhQL%b!Az77EIVZhQL%b!Az7"EIVZhQL%b!Az7^EIVZhQL%b!Az^^EIVZhQL%b!Az^"EIVZhQL%b!Az^7EIVZhQL%b!Az^lEIVZhQL%b!Az^@EIVZhQL%b!Az"@EIVZhQL%b!Az"lEIVZhQL%b!Az"7EIVZhQL%b!Az""EIVZhQL%b!Az"^EIVZhQ %b!7z<7EIVZhQ %b!7z<AEIVZhQ %b!7z<lEIVZhQ %b!7z"^EIVZhQ %b!7z"7EIVZhQ %b!7z"-EIVZhQ %b!7z-REIVZhQ %b!7z-AEIVZhQ %b!7z-"EIVZhQ %b!7z-^EIVZhQ %b!7z"lEIVZhQ %b!7z"AEIVZhQ`byzl<EIVZhQ`byzl"EIVZhQ`byzl-EIVZhQ`byzl7EIVZhQ`byV%b!z^CEIVZhQ3g6FrrNXuU",f <ib8G/Uu=",
:s1H0-(At2nY1@zg<H0-(At2nY1@zr<H0-(At2nY1@z1<H0-(At2nY1@zs<H0-(At2nY1@z+<H0-(At2nY1@!+<H0-(At2nY1@!s<H0-(At2nY1@!1<H0-(At2nY1@!r<H0-(At2nY1@!g<H0-(At2nY1@&g<H0-(At2nY1@&r<H0-(At2nY1@&1<H0-(At2nY1@&s<H0-(At2nY1@&+<H0-(A~2nYr@+<H0-(A~2nYr@s<H0-(A~2nYr@1<H0-(A~2nYr@r<H0-(A~2nYr@f<H0-(A~2nYr@e<H0-(A~2nYr@sz<H0-(A~2nYr@s+<H0-(A~2nYr@zf<H0-(A~2nYr@zr<H0-(A~2nYr@z1<H0-(A~2nYr@zs<H0-(APn[@ee<H0-(APn[@ef<H0-(APn[@eg<H0-(APn[@er<H0-(APn[02nY@z!<H0-(Aq_W\02nY@r<H0-(A.2nYr@+<H
Q}v%M<j9eq["O]Su4%M<j9eq["O]S	4%M<j9eq["O]Sv4%M<j9eq["O]Sf4%M<j9eq["O]SS4%M<j9eq["O]fS4%M<j9eq["O]ff4%M<j9eq["O]fv4%M<j9eq["O]f	4%M<j9eq["O]fu4%M<j9eq["O]vu4%M<j9eq["O]v	4%M<j9eq["O]vv4%M<j9eq["O]vf4%M<j9eq["O]vS4%M<j9Dq["#]S4%M<j9Dq["#]f4%M<j9Dq["#]v4%M<j9Dq["#]i4%M<j9Dq["#]SS4%M<j9Dq["#]S&4%M<j9Dq["#]}}4%M<j9Dq["#]}f4%M<j9Dq["#]S	4%M<j9Dq["#]Si4%M<j9Dq["#]Sv4%M<j9Dq["#]Sf4%M<j9A[a]S&&4%M<j9A[a]S&S4%M<j9A[a]S&}4%M<j9A[a]S&f4%""""%M<j9MAxq["]#4%""""%
lCa* kbAM7c-:P{9e* kbAM7c-:P{ae* kbAM7c-:P{ie* kbAM7c-:P{Ce* kbAM7c-:P{,e* kbAM7c-:P|,e* kbAM7c-:P|Ce* kbAM7c-:P|ie* kbAM7c-:P|ae* kbAM7c-:P|9e* kbAM7c-:P:9e* kbAM7c-:P:ae* kbAM7c-:P:ie* kbAM7c-:P:Ce* kbAM7c-:P:,e* kbAG7c-aPCie* kbAG7c-aPCae* kbAG7c-aPC~e* kbAG7c-aP|,e* kbAG7c-aP|Ce* kbAG7c-aP||e* kbAG7c-aPi:e* kbAG7c-aPiie* kbAG7c-aPiCe* kbAG7c-aPi,e* kbAG7c-aP|~e* kbAG7c-aP|ae* kbAfcJP{,9e* kbAfcJP{,ae* kbAfcJP{,:e* kbAfcJP{,ie* kbA sMM6A MfPae* kbA"FGkJ7c-Pae* kbA+7c-aP{e*
"k,[{)^yR8	G]cwXD[{)^yR8	G]cwxD[{)^yR8	G]cw]D[{)^yR8	G]cw!D[{)^yR8	G]cwwD[{)^yR8	G]c!wD[{)^yR8	G]c!!D[{)^yR8	G]c!]D[{)^yR8	G]c!xD[{)^yR8	G]c!XD[{)^yR8	G]c]XD[{)^yR8	G]c]xD[{)^yR8	G]c]]D[{)^yR8	G]c]!D[{)^yR8	G]c]wD[{)^yA8	Ggck]D[{)^yA8	Ggck,D[{)^yA8	GgckxD[{)^yA8	Ggc!wD[{)^yA8	Ggc!]D[{)^yA8	Ggc!vD[{)^yA8	GgcvgD[{)^yA8	Ggcv,D[{)^yA8	Ggcv!D[{)^yA8	GgcvwD[{)^yA8	Ggc!xD[{)^yA8	Ggc!,D[{)^y|	?cw_XD[{)^y|	?cw_xD[{)^y|	?cww_D[{)^y|	?cwwwD[{)^y|	?{8	GcwkD[{)^y> 'N::PCe]O}*"2KU.ho]enO}
$U%BwO-by74Z.TIdGBwO-by74Z.TI.GBwO-by74Z.TIIGBwO-by74Z.TIUGBwO-by74Z.TI	GBwO-by74Z.T	GBwO-by74Z.TUGBwO-by74Z.TIGBwO-by74Z.T.GBwO-by74Z.TdGBwO-by74Z.TUdGBwO-by74Z.TU.GBwO-by74Z.TUIGBwO-by74Z.TUUGBwO-by74Z.TU	GBwO-b,74ZdT	GBwO-b,74ZdTUGBwO-b,74ZdTIGBwO-b,74ZdT.GBwO-b,74ZdT%GBwO-b,74ZdTaGBwO-b,74ZdTUfGBwO-b,74ZdTU	GBwO-b,74ZdTf%GBwO-b,74ZdTf.GBwO-b,74ZdTfIGBwO-b,74ZdTfUGBwO-b64rTffNGBwO-b64rTffIGBwO-b64rTffCGBwO-b64rTffUGBwO-b64rw74ZTfNGBwO-bg(_9w74ZTdGBwO-b074ZdT	GB
%&^D{g20CP+L-?McmD{g20CP+L-?M^mD{g20CP+L-?MRmD{g20CP+L-?MXmD{g20CP+L-?M<mD{g20CP+L-?<mD{g20CP+L-?XmD{g20CP+L-?RmD{g20CP+L-?^mD{g20CP+L-?cmD{g20CP+L-?&cmD{g20CP+L-?&^mD{g20CP+L-?&RmD{g20CP+L-?&XmD{g20CP+L-?&<mD{g20IP+L>?<mD{g20IP+L>?XmD{g20IP+L>?RmD{g20IP+L>?>mD{g20IP+L>?<<mD{g20IP+L>?<ZmD{g20IP+L>?&&mD{g20IP+L>?&XmD{g20IP+L>?<^mD{g20IP+L>?<>mD{g20IP+L>?<RmD{g20IP+L>?<XmD{g20=+/?<<-mD{g20=+/?<<>mD{g20=+/?<<cmD{g20=+/?<<^mDLLLLD{g20{=AP+L?>mDLLLLD
y`5x<@e2n0VK&P	&ix<@e2n0VK&P	 ix<@e2n0VK&P		ix<@e2n0VK&P	wix<@e2n0VK&P	5ix<@e2n0VK&P5ix<@e2n0VK&Pwix<@e2n0VK&P	ix<@e2n0VK&P ix<@e2n0VK&P&ix<@e2n0VK&Pw&ix<@e2n0VK&Pw ix<@e2n0VK&Pw	ix<@e2n0VK&Pwwix<@e2n0VK&Pw5ix<@e2=0VK&Pw	ix<@e2=0VK&Pw ix<@e2=0VK&PwNix<@e2=0VK&P`5ix<@e2=0VK&P`wix<@e2=0VK&P``ix<@e2=0VK&P	jix<@e2=0VK&P		ix<@e2=0VK&P	wix<@e2=0VK&P	5ix<@e2=0VK&P`Nix<@e2=0VK&P` ix<@e2$VdPLw`ix<@e2$VdPLwwix<@e2$VdPLwLix<@e2$VdPLw5ix<@e2<Znn}2<n$P&ix<@e2O_=@d0VKP&ix<@e2B0VK&PLix
xJRm9.,o3a&_^[HZXm9.,o3a&_^[HGXm9.,o3a&_^[H Xm9.,o3a&_^[HJXm9.,o3a&_^[HRXm9.,o3a&_^[RXm9.,o3a&_^[JXm9.,o3a&_^[ Xm9.,o3a&_^[GXm9.,o3a&_^[ZXm9.,o3a&_^[NZXm9.,o3a&_^[NGXm9.,o3a&_^[N Xm9.,o3a&_^[NJXm9.,o3a&_^[NRXm9.,oFa&_^[N Xm9.,oFa&_^[N^Xm9.,oFa&_^[NGXm9.,oFa&_^[JRXm9.,oFa&_^[J Xm9.,oFa&_^[JHXm9.,oFa&_^[H"Xm9.,oFa&_^[H^Xm9.,oFa&_^[HJXm9.,oFa&_^[HRXm9.,oFa&_^[JGXm9.,oFa&_^[J^Xm9.,o+&@[RNHXm9.,o+&@[RN Xm9.,o+&@[RN"Xm9.,o+&@[RN^Xm9.,o+&@9a&_[RHXm9.,ouMP	==y8c~UM.)6i%n!X~cmUM
+|mXtcGZ"hF%%b!zCEI!!!!I!!!!I!!!!I!!!!I!!!!I!!!!I!!!!I!!!!I!!!!I!!!!I!!!!I!!!!I!!!!IVZhQrNP88G/ut",f <if\~s8G/u!",f <if\~s8G/u=",f <if\~s8G/ut",f <if\~s8G/u5",f <if\~s8G/u9",f <if\~s8G/uS!",f <if\~s8G/u==",f <if\~s8G/u=!",f <if\~s8G/uS9",f <if\~s8G/uS5",f <if\~s8G/uSt",f <if\~s8G/uS=",f <i\$se0P>2nY@!<H0-(A[~PaMAxq["]}4%M<j9aDA\ fW7c-P{e* kbAJGfw{|$8	Gc_D[{)^y?A|P*>,m974ZTNGBwO-br,6[{=A:,0VKP	ix<@e2d=$E9+Uy8n!XcyUM
+||XtcGZ"hF%%b!z^EI!!!!I!!!!I!!!!I!!!!I!!!!I!!!!I!!!!I!!!!I!!!!I!!!!I!!!!I!!!!IVZhQmryLry3zCEIVZhQrNP88G/uU",f <if\~s8G/uS",f <if\~s8G/uQ",f <if\~s8G/uU",f <if\~s8G/uT",f <if\~s8G/u;",f <if\~s8G/uSS",f <if\~s8G/u=Q",f <if\~s8G/u=S",f <if\~s8G/uS;",f <if\~s8G/uST",f <if\~s8G/uSU",f <if\~s8G/uSQ",f <i\$seq_W\02nY@!<H0-(A[~Pa?gT_Mq["]}4%M<j9aDA\s"6d 7c-P{e* kbAJGfwN: ({8	Gc_D[{)^y?A|P1VC*.hoewO}*"2KP_>m(_9w74ZTIGBwO-br,6[l"u{P+L?XmD
y`	x<@e2OE	aa&_[JXm____m____m____m____m____m____m____m____m____m____m____m____m9.,oS=@3=@u[RXm9.,o=y]nn!Xc~UM.)6i.+*An!Xcm;UM.)6i.+*An!Xcm~UM.)6i.+*An!Xcm5UM.)6i.+*An!XcyBUM.)6i.+*An!XcyyUM.)6i.+*An!Xcy;UM.)6i.+*An!Xc	~UM.)6i.+*An!Xc	;UM.)6i.+*An!Xc	yUM.)6i.+*An!Xc	BUM.)6i.+*An!Xcy5UM.)6i.+*An!Xcy~UM.)6i+dAby"a[t]k17@HXtcGZPUfhFrg/V%b!zREIVZhQy `NPIDXf8G/uU",f <i\$seq_W\02nY@1<H0-(A[~PagT_Mq["]}4%M<j9aDA\"6d 7c-P{e* kbAJGfw: ({8	Gc_D[
t<w}*"2K1mg774ZTUGBZZZZBZZZZBZZZZBZZZZBZZZZBZZZZBZZZZBZZZZBZZZZBZZZZBZZZZBZZZZBZZZZBwO-b([NPP+L?-mD{g20{/C=P+L?&MmD{g20{/C=P+L?&-mD{g20{/C=P+L?&cmD{g20{/C=P+L?XZmD{g20{/C=P+L?X&mD{g20{/C=P+L?XMmD{g20{/C=P+L?M-mD{g20{/C=P+L?MMmD{g20{/C=P+L?M&mD{g20{/C=P+L?MZmD{g20{/C=P+L?XcmD{g20{/C=P+L?X-mD{g20/I=:<$a0VKP&ix<@e2d=$E9+Ua&_["Xm9.,o@F+y.A\n!Xc;UM.)6i+dAbtf/]k17MHXtcGZPUfhV`iNX8G/u=",f <i\$se0P>a_q["]S4%M<j9aDA\ fWw(8	Gc_D[
t<]}*"2KZ.hoie=O}*"2KZ.hoie]O}*"2KZ.hoiecO}*"2KZ.hoienO}*"2KZ.hoiegO}*"2KZ.hoiengO}*"2KZ.hoiennO}*"2KZ.hoiencO}*"2KZ.hoien]O}*"2KZ.hoien=O}*"2KZ.hoiec=O}*"2KZ.hoiec]O}*"2KZ.hoieccO}*"2KZ.hoiecnO}*"2KZ.hoiecgO}*"2K_.hoiegO}*"2K_.hoienO}*"2K_.hoiecO}*"2K_.hoie]O}*"2K_.hoieiO}*"2K_.hoiepO}*"2K_.hoien3O}*"2K_.hoiengO}*"2K_.hoie3iO}*"2K_.hoie3]O}*"2K_.hoie3cO}*"2K_.hoie3nO}*"2K>hPe3<3O}*"2K>hPe3<gO}*"2K>hPe3npO}*"2K>hPe3niO}*"2K>hP*.hoe3=O}*"2K[1VC*.hoeiO}*"2KU.hoiegO}
$CdBwO-by74Z%T%GBwO-by74Z%TaGBwO-by74Z%TNGBwO-by74Z%TCGBwO-by74Z%TfGBwO-by74Z%TUfGBwO-by74Z%TUCGBwO-by74Z%TUNGBwO-by74Z%TUaGBwO-by74Z%TU%GBwO-by74Z%TI%GBwO-by74Z%TIaGBwO-by74Z%TINGBwO-by74Z%TICGBwO-by74Z%TIfGBwO-b,74Z%TfGBwO-b,74Z%TCGBwO-b,74Z%TNGBwO-b,74Z%TdGBwO-b,74Z%TffGBwO-b,74Z%Tf	GBwO-b,74Z%TUUGBwO-b,74Z%TUCGBwO-b,74Z%TfaGBwO-b,74Z%TfdGBwO-b,74Z%TfNGBwO-b,74Z%TfCGBwO-b64rTfCUGBwO-b64rTfCCGBwO-b64rTfCIGBwO-b64rTfCNGBZZZZBwO-bw6#74ZT%GBZZZZB
%XcD{g20CP+L^?>mD{g20CP+L^?-mD{g20CP+L^?MmD{g20CP+L^?&mD{g20CP+L^?ZmD{g20CP+L^?&ZmD{g20CP+L^?&&mD{g20CP+L^?&MmD{g20CP+L^?&-mD{g20CP+L^?&>mD{g20CP+L^?M>mD{g20CP+L^?M-mD{g20CP+L^?MMmD{g20CP+L^?M&mD{g20CP+L^?MZmD{g20IP+Lc?&MmD{g20IP+Lc?&-mD{g20IP+Lc?&cmD{g20IP+Lc?XZmD{g20IP+Lc?X&mD{g20IP+Lc?XXmD{g20IP+Lc?MRmD{g20IP+Lc?MMmD{g20IP+Lc?M&mD{g20IP+Lc?MZmD{g20IP+Lc?XcmD{g20IP+Lc?X-mD{g20=+/?<X^mD{g20=+/?<XcmD{g20=+/?<X>mD{g20=+/?<X-mD{g20{NCC"0{C=?cmD{g20l9Ig/P+L?cmD{g20_P+Lc?<mD
y`\x<@e2n0VK\PNix<@e2n0VK\P\ix<@e2n0VK\Pjix<@e2n0VK\P`ix<@e2n0VK\PLix<@e2n0VK\PwLix<@e2n0VK\Pw`ix<@e2n0VK\Pwjix<@e2n0VK\Pw\ix<@e2n0VK\PwNix<@e2n0VK\P	Nix<@e2n0VK\P	\ix<@e2n0VK\P	jix<@e2n0VK\P	`ix<@e2n0VK\P	Lix<@e2=0VKNPwjix<@e2=0VKNPw&ix<@e2=0VKNPw\ix<@e2=0VKNP`Lix<@e2=0VKNP`jix<@e2=0VKNP`	ix<@e2=0VKNP	 ix<@e2=0VKNP	&ix<@e2=0VKNP	`ix<@e2=0VKNP	Lix<@e2=0VKNP`\ix<@e2=0VKNP`&ix<@e2$VdPL	5ix<@e2$VdPL	Lix<@e2$VdPL	wix<@e2$VdPL	`ix<@e2$Vd<0VKPL ix<@e2p}WZOOE5[ZXm9.,o>a&_Z[NXm
3	<M.)6i*n!XB<c;~UM.)6i*n!XB<c;fUM.)6i*n!XB<c;	UM.)6i*n!XB<c;mUM.)6i*n!XB<c;<UM.)6i*n!XB<cB<UM.)6i*n!XB<cBmUM.)6i*n!XB<cB	UM.)6i*n!XB<cBfUM.)6i*n!XB<cB~UM.)6i*n!XB<cy~UM.)6i*n!XB<cyfUM.)6i*n!XB<cy	UM.)6i*n!XB<cymUM.)6i*n!XB<cy<UM.)6idn!X5c<UM.)6idn!X5cmUM.)6idn!X5c	UM.)6idn!X5cfUM.)6idn!X5c:UM.)6idn!X5c5UM.)6idn!X5cmBUM.)6idn!X5cm<UM.)6idn!X5cB:UM.)6idn!X5cBfUM.)6idn!X5cB	UM.)6idn!X5cBmUM.)6iA!+cB	~UM.)6iA!+cB	fUM.)6iA!+cB	;UM.)6iA!+cB		UM.)6iA!+.n!XcB5UM.)6i]Kt8.n!Xc5UM.)6i%n!X5c<UM
+MKXtcGZx]k1K;7BCHXtcGZx]k1K;7BzHXtcGZx]k1K;7BBHXtcGZx]k1K;7B|HXtcGZx]k1K;7BKHXtcGZx]k1K;7KKHXtcGZx]k1K;7K|HXtcGZx]k1K;7KBHXtcGZx]k1K;7KzHXtcGZx]k1K;7KCHXtcGZx]k1K;7|CHXtcGZx]k1K;7|zHXtcGZx]k1K;7|BHXtcGZx]k1K;7||HXtcGZx]k1K;7|KHXtcGZU]k1z7KHXtcGZU]k1z7|HXtcGZU]k1z7BHXtcGZU]k1z7@HXtcGZU]k1z7KKHXtcGZU]k1z7K;HXtcGZU]k1z7mmHXtcGZU]k1z7m|HXtcGZU]k1z7KzHXtcGZU]k1z7K@HXtcGZU]k1z7KBHXtcGZU]k1z7K|HXtcGZfkP7KMCHXtcGZfkP7KMzHXtcGZfkP7KB;HXtcGZfkP7KBKHX1111XtcGZtf/]k17zHX1111X
;-<IVZhQL%b!^^z7AEIVZhQL%b!^^z7REIVZhQL%b!^^z7-EIVZhQL%b!^^z7<EIVZhQL%b!^^z7CEIVZhQL%b!^^z^CEIVZhQL%b!^^z^<EIVZhQL%b!^^z^-EIVZhQL%b!^^z^REIVZhQL%b!^^z^AEIVZhQL%b!^^z"AEIVZhQL%b!^^z"REIVZhQL%b!^^z"-EIVZhQL%b!^^z"<EIVZhQL%b!^^z"CEIVZhQ %b!lz<-EIVZhQ %b!lz<REIVZhQ %b!lz<@EIVZhQ %b!lz"CEIVZhQ %b!lz"<EIVZhQ %b!lz""EIVZhQ %b!lz-7EIVZhQ %b!lz--EIVZhQ %b!lz-<EIVZhQ %b!lz-CEIVZhQ %b!lz"@EIVZhQ %b!lz"REIVZhQ`byz^77EIVZhQ`byz^7-EIVZhQ`byz^7"EIVZhQ`byz^7<EIVZhQVFLLgQVL`zlEIVZhQr\ Zy%b!zlEIVZhQW%b!lz^EI
1tQ,f <i~8G/SSuU9",f <i~8G/SSuU;",f <i~8G/SSuUU",f <i~8G/SSuUQ",f <i~8G/SSuUS",f <i~8G/SSuSS",f <i~8G/SSuSQ",f <i~8G/SSuSU",f <i~8G/SSuS;",f <i~8G/SSuS9",f <i~8G/SSuQ9",f <i~8G/SSuQ;",f <i~8G/SSuQU",f <i~8G/SSuQQ",f <i~8G/SSuQS",f <i$8G/;u=U",f <i$8G/;u=T",f <i$8G/;u=;",f <i$8G/;uQS",f <i$8G/;uQU",f <i$8G/;uQt",f <i$8G/;ut5",f <i$8G/;utT",f <i$8G/;utQ",f <i$8G/;utS",f <i$8G/;uQ;",f <i$8G/;uQT",f <isG\uSU5",f <isG\uSUT",f <isG\uSU9",f <isG\uSU;",f <isG\f8G/uS9",f <iBDEPIIe\@e<H0-(A.2nYe@s<H
QOO%M<j9eq["u]Si4%M<j9eq["u]S#4%M<j9eq["u]SO4%M<j9eq["u]S}4%M<j9eq["u]S&4%M<j9eq["u]f&4%M<j9eq["u]f}4%M<j9eq["u]fO4%M<j9eq["u]f#4%M<j9eq["u]fi4%M<j9eq["u]vi4%M<j9eq["u]v#4%M<j9eq["u]vO4%M<j9eq["u]v}4%M<j9eq["u]v&4%M<j9Dq["S&]&4%M<j9Dq["S&]}4%M<j9Dq["S&]O4%M<j9Dq["S&]#4%M<j9Dq["S&]u4%M<j9Dq["S&]	4%M<j9Dq["S&]}S4%M<j9Dq["S&]}&4%M<j9Dq["S&]Su4%M<j9Dq["S&]S#4%M<j9Dq["S&]SO4%M<j9Dq["S&]S}4%M<j9A[a]S#f4%M<j9A[a]S#}4%M<j9A[a]S#S4%M<j9A[a]S#&4%M<j9A[aMq["]}S4%M<j9?gT_Mq["]S&4%M<j9@q["S&]&4%
li:* kbAM7c-~P{~e* kbAM7c-~P{(e* kbAM7c-~P{:e* kbAM7c-~P{|e* kbAM7c-~P{{e* kbAM7c-~P|{e* kbAM7c-~P||e* kbAM7c-~P|:e* kbAM7c-~P|(e* kbAM7c-~P|~e* kbAM7c-~P:~e* kbAM7c-~P:(e* kbAM7c-~P::e* kbAM7c-~P:|e* kbAM7c-~P:{e* kbAG7c-{,P{e* kbAG7c-{,P|e* kbAG7c-{,P:e* kbAG7c-{,P9e* kbAG7c-{,P{{e* kbAG7c-{,P{,e* kbAG7c-{,PCCe* kbAG7c-{,PC|e* kbAG7c-{,P{(e* kbAG7c-{,P{9e* kbAG7c-{,P{:e* kbAG7c-{,P{|e* kbAfcJP{aie* kbAfcJP{a:e* kbAfcJP{aae* kbAfcJP{a9e*----* kbA fW7c-P{,e*----*
"vg[{)^yR8	Gxcw,D[{)^yR8	GxcwgD[{)^yR8	GxcwvD[{)^yR8	GxcwkD[{)^yR8	Gxcw_D[{)^yR8	Gxc!_D[{)^yR8	Gxc!kD[{)^yR8	Gxc!vD[{)^yR8	Gxc!gD[{)^yR8	Gxc!,D[{)^yR8	Gxc],D[{)^yR8	Gxc]gD[{)^yR8	Gxc]vD[{)^yR8	Gxc]kD[{)^yR8	Gxc]_D[{)^yA8	Gw_ckvD[{)^yA8	Gw_ckgD[{)^yA8	Gw_ckXD[{)^yA8	Gw_c!_D[{)^yA8	Gw_c!kD[{)^yA8	Gw_c!!D[{)^yA8	Gw_cv]D[{)^yA8	Gw_cvvD[{)^yA8	Gw_cvkD[{)^yA8	Gw_cv_D[{)^yA8	Gw_c!XD[{)^yA8	Gw_c!gD[{)^y|	?cw,wD[{)^y|	?cw,_D[{)^y|	?cwgxD[{)^y|	?cwgXD[{)^y{NRR y{R|cw_D[{)^y:iA)?8	Gcw_D[{)^y-8	Gw_cwD[
tc=}*"2KZ.hope3iO}*"2KZ.hope3pO}*"2KZ.hope3wO}*"2KZ.hope3<O}*"2KZ.hope33O}*"2KZ.hope<3O}*"2KZ.hope<<O}*"2KZ.hope<wO}*"2KZ.hope<pO}*"2KZ.hope<iO}*"2KZ.hopewiO}*"2KZ.hopewpO}*"2KZ.hopewwO}*"2KZ.hopew<O}*"2KZ.hopew3O}*"2K_.ho3genwO}*"2K_.ho3gen=O}*"2K_.ho3genpO}*"2K_.ho3ge<3O}*"2K_.ho3ge<wO}*"2K_.ho3ge<cO}*"2K_.ho3gec]O}*"2K_.ho3gec=O}*"2K_.ho3gec<O}*"2K_.ho3gec3O}*"2K_.ho3ge<pO}*"2K_.ho3ge<=O}*"2K>hPe3=nO}*"2K>hPe3=<O}*"2K>hPe3=cO}*"2K>hPe3=wO}*"2K>hP*.hoengO}*"2KxV\[11m9Tf	GBwO-b074Zf	TUGB
%McD{g20CP+L<Z?M>mD{g20CP+L<Z?M-mD{g20CP+L<Z?MMmD{g20CP+L<Z?M&mD{g20CP+L<Z?MZmD{g20CP+L<Z?ZmD{g20CP+L<Z?&mD{g20CP+L<Z?MmD{g20CP+L<Z?-mD{g20CP+L<Z?>mD{g20CP+L<Z?&>mD{g20CP+L<Z?&-mD{g20CP+L<Z?&MmD{g20CP+L<Z?&&mD{g20CP+L<Z?&ZmD{g20IP+L<<?ZmD{g20IP+L<<?&mD{g20IP+L<<?MmD{g20IP+L<<?-mD{g20IP+L<<?cmD{g20IP+L<<?^mD{g20IP+L<<?&<mD{g20IP+L<<?&ZmD{g20IP+L<<?<cmD{g20IP+L<<?<-mD{g20IP+L<<?<MmD{g20IP+L<<?<&mD{g20=+/?<>^mD{g20=+/?<>cmD{g20=+/?<>>mD{g20=+/?<>-mD{g20=+/{P+L?&XmD{g20Nl"u{P+L?<<mD{g20_P+L<<?ZmD
y	\x<@e2n0VKL5P	Nix<@e2n0VKL5P	\ix<@e2n0VKL5P	jix<@e2n0VKL5P	`ix<@e2n0VKL5P	Lix<@e2n0VKL5PLix<@e2n0VKL5P`ix<@e2n0VKL5Pjix<@e2n0VKL5P\ix<@e2n0VKL5PNix<@e2n0VKL5PwNix<@e2n0VKL5Pw\ix<@e2n0VKL5Pwjix<@e2n0VKL5Pw`ix<@e2n0VKL5PwLix<@e2=0VKLLPLix<@e2=0VKLLP`ix<@e2=0VKLLPjix<@e2=0VKLLP&ix<@e2=0VKLLPLLix<@e2=0VKLLPL5ix<@e2=0VKLLPwwix<@e2=0VKLLPw`ix<@e2=0VKLLPL\ix<@e2=0VKLLPL&ix<@e2=0VKLLPLjix<@e2=0VKLLPL`ix<@e2$VdPLN5ix<@e2$VdPLNLix<@e2$VdPLNwix<@e2$VdPLN`ixKKKKx<@e2<$a0VKPLLixKKKKx
x lm9.,o3a&_RR[H^Xm9.,o3a&_RR[H"Xm9.,o3a&_RR[HHXm9.,o3a&_RR[HNXm9.,o3a&_RR[HlXm9.,o3a&_RR[lXm9.,o3a&_RR[NXm9.,o3a&_RR[HXm9.,o3a&_RR["Xm9.,o3a&_RR[^Xm9.,o3a&_RR[N^Xm9.,o3a&_RR[N"Xm9.,o3a&_RR[NHXm9.,o3a&_RR[NNXm9.,o3a&_RR[NlXm9.,oFa&_RR[NHXm9.,oFa&_RR[N"Xm9.,oFa&_RR[NZXm9.,oFa&_RR[JlXm9.,oFa&_RR[JNXm9.,oFa&_RR[JJXm9.,oFa&_RR[H Xm9.,oFa&_RR[HHXm9.,oFa&_RR[HNXm9.,oFa&_RR[HlXm9.,oFa&_RR[JZXm9.,oFa&_RR[J"Xm9.,o+&@[RZ^Xm9.,o+&@[RZ"Xm9.,o+&@[RZ Xm9.,o+&@[RZHXm9.,o9	33Mo93+[RRXm9.,o=2F.@a&_[RRXm9.,o>a&_RR[RXm
3;BM.)6i*n!XBBc	:UM.)6i*n!XBBc	5UM.)6i*n!XBBc	;UM.)6i*n!XBBc	yUM.)6i*n!XBBc	BUM.)6i*n!XBBcBUM.)6i*n!XBBcyUM.)6i*n!XBBc;UM.)6i*n!XBBc5UM.)6i*n!XBBc:UM.)6i*n!XBBcm:UM.)6i*n!XBBcm5UM.)6i*n!XBBcm;UM.)6i*n!XBBcmyUM.)6i*n!XBBcmBUM.)6idn!XBBcm;UM.)6idn!XBBcm~UM.)6idn!XBBcm5UM.)6idn!XBBcyBUM.)6idn!XBBcy;UM.)6idn!XBBcy	UM.)6idn!XBBc	fUM.)6idn!XBBc	~UM.)6idn!XBBc	yUM.)6idn!XBBc	BUM.)6idn!XBBcy5UM.)6idn!XBBcy~UM.)6iA!+cB::UM.)6iA!+cB:5UM.)6iA!+cB5<UM.)6iA!+cB5BUM.)6iA!+.n!XcmmUM.)6iFt(]KKb[7KKHXtcGZb]k1KK7mHX
;7<IVZhQL%b!^<zAEIVZhQL%b!^<zREIVZhQL%b!^<z-EIVZhQL%b!^<z<EIVZhQL%b!^<zCEIVZhQL%b!^<z<CEIVZhQL%b!^<z<<EIVZhQL%b!^<z<-EIVZhQL%b!^<z<REIVZhQL%b!^<z<AEIVZhQL%b!^<z-AEIVZhQL%b!^<z-REIVZhQL%b!^<z--EIVZhQL%b!^<z-<EIVZhQL%b!^<z-CEIVZhQ %b!^<zCEIVZhQ %b!^<z<EIVZhQ %b!^<z-EIVZhQ %b!^<zREIVZhQ %b!^<z@EIVZhQ %b!^<zlEIVZhQ %b!^<z<^EIVZhQ %b!^<z<CEIVZhQ %b!^<z^@EIVZhQ %b!^<z^REIVZhQ %b!^<z^-EIVZhQ %b!^<z^<EIVZhQ`byz^l7EIVZhQ`byz^l-EIVZhQ`byz^l"EIVZhQ`byz^l<EIVZhQ`byV%b!z<7EIVZhQFrg/V%b!z^<EIVZhQW%b!^<zCEI
1UQ,f <i~8G/S=u9",f <i~8G/S=u;",f <i~8G/S=uU",f <i~8G/S=uQ",f <i~8G/S=uS",f <i~8G/S=u=S",f <i~8G/S=u=Q",f <i~8G/S=u=U",f <i~8G/S=u=;",f <i~8G/S=u=9",f <i~8G/S=ut9",f <i~8G/S=ut;",f <i~8G/S=utU",f <i~8G/S=utQ",f <i~8G/S=utS",f <i$8G/S=uS",f <i$8G/S=uQ",f <i$8G/S=uU",f <i$8G/S=uT",f <i$8G/S=uSS",f <i$8G/S=uS!",f <i$8G/S=u==",f <i$8G/S=u=Q",f <i$8G/S=uS;",f <i$8G/S=uST",f <i$8G/S=uSU",f <i$8G/S=uSQ",f <isG\uS;5",f <isG\uS;T",f <isG\uS;9",f <isG\uS;;",////,f <ifs08G/uS=",////,
:&1H0-(At2nYz!@g<H0-(At2nYz!@r<H0-(At2nYz!@1<H0-(At2nYz!@s<H0-(At2nYz!@+<H0-(At2nYz!@s+<H0-(At2nYz!@ss<H0-(At2nYz!@s1<H0-(At2nYz!@sr<H0-(At2nYz!@sg<H0-(At2nYz!@1g<H0-(At2nYz!@1r<H0-(At2nYz!@11<H0-(At2nYz!@1s<H0-(At2nYz!@1+<H0-(A~2nYzs@s1<H0-(A~2nYzs@sr<H0-(A~2nYzs@sf<H0-(A~2nYzs@!+<H0-(A~2nYzs@!s<H0-(A~2nYzs@!!<H0-(A~2nYzs@1&<H0-(A~2nYzs@11<H0-(A~2nYzs@1s<H0-(A~2nYzs@1+<H0-(A~2nYzs@!f<H0-(A~2nYzs@!r<H0-(APn[@s+!<H0-(APn[@s+s<H0-(APn[@s+z<H0-(APn[@s++<H0-(A0qttWA0tP@zs<H0-(A_?~-[2nY@zs<H0-(A.2nYzs@z<H
Qvv%M<j9eq["Sf]u4%M<j9eq["Sf]	4%M<j9eq["Sf]v4%M<j9eq["Sf]f4%M<j9eq["Sf]S4%M<j9eq["Sf]}S4%M<j9eq["Sf]}f4%M<j9eq["Sf]}v4%M<j9eq["Sf]}	4%M<j9eq["Sf]}u4%M<j9eq["Sf]Ou4%M<j9eq["Sf]O	4%M<j9eq["Sf]Ov4%M<j9eq["Sf]Of4%M<j9eq["Sf]OS4%M<j9Dq["S}]}v4%M<j9Dq["S}]}i4%M<j9Dq["S}]}	4%M<j9Dq["S}]fS4%M<j9Dq["S}]fv4%M<j9Dq["S}]fO4%M<j9Dq["S}]O#4%M<j9Dq["S}]Oi4%M<j9Dq["S}]Of4%M<j9Dq["S}]OS4%M<j9Dq["S}]f	4%M<j9Dq["S}]fi4%M<j9A[a]}&O4%M<j9A[a]}&v4%M<j9A[a]}&#4%M<j9A[a]}&i4%M<j9A[aMq["]}O4%M<j9XTW?gg\dP{Ce* kbA+7c-{CPCe*
"]g[{)^yR8	Gwvc],D[{)^yR8	Gwvc]gD[{)^yR8	Gwvc]vD[{)^yR8	Gwvc]kD[{)^yR8	Gwvc]_D[{)^yR8	Gwvcw_D[{)^yR8	GwvcwkD[{)^yR8	GwvcwvD[{)^yR8	GwvcwgD[{)^yR8	Gwvcw,D[{)^yR8	Gwvc!,D[{)^yR8	Gwvc!gD[{)^yR8	Gwvc!vD[{)^yR8	Gwvc!kD[{)^yR8	Gwvc!_D[{)^yA8	Gw!c_D[{)^yA8	Gw!ckD[{)^yA8	Gw!cvD[{)^yA8	Gw!cgD[{)^yA8	Gw!cXD[{)^yA8	Gw!cxD[{)^yA8	Gw!ckwD[{)^yA8	Gw!ck_D[{)^yA8	Gw!cwXD[{)^yA8	Gw!cwgD[{)^yA8	Gw!cwvD[{)^yA8	Gw!cwkD[{)^y|	?ckwwD[{)^y|	?ckw_D[{)^y|	?ck_xD[{)^y|	?ck_XD[{)^y|	?{8	Gck,D[{)^yN: ({8	Gcw!D[{)^y-8	Gw!c_D[
tw=}*"2KZ.ho3cewiO}*"2KZ.ho3cewpO}*"2KZ.ho3cewwO}*"2KZ.ho3cew<O}*"2KZ.ho3cew3O}*"2KZ.ho3ce33O}*"2KZ.ho3ce3<O}*"2KZ.ho3ce3wO}*"2KZ.ho3ce3pO}*"2KZ.ho3ce3iO}*"2KZ.ho3ce<iO}*"2KZ.ho3ce<pO}*"2KZ.ho3ce<wO}*"2KZ.ho3ce<<O}*"2KZ.ho3ce<3O}*"2K_.ho3<e3O}*"2K_.ho3<e<O}*"2K_.ho3<ewO}*"2K_.ho3<e=O}*"2K_.ho3<e33O}*"2K_.ho3<e3gO}*"2K_.ho3<ennO}*"2K_.ho3<en<O}*"2K_.ho3<e3pO}*"2K_.ho3<e3=O}*"2K_.ho3<e3wO}*"2K_.ho3<e3<O}*"2K>hPen3nO}*"2K>hPen3<O}*"2K>hPen3cO}*"2K>hPen3wO}oooo}*"2K*>,.hoe3<O}oooo}
$N%BwO-by74ZfNTNdGBwO-by74ZfNTN.GBwO-by74ZfNTNIGBwO-by74ZfNTNUGBwO-by74ZfNTN	GBwO-by74ZfNTf	GBwO-by74ZfNTfUGBwO-by74ZfNTfIGBwO-by74ZfNTf.GBwO-by74ZfNTfdGBwO-by74ZfNTCdGBwO-by74ZfNTC.GBwO-by74ZfNTCIGBwO-by74ZfNTCUGBwO-by74ZfNTC	GBwO-b,74ZfCTUIGBwO-b,74ZfCTU.GBwO-b,74ZfCTU%GBwO-b,74ZfCTC	GBwO-b,74ZfCTCUGBwO-b,74ZfCTCCGBwO-b,74ZfCTINGBwO-b,74ZfCTIIGBwO-b,74ZfCTIUGBwO-b,74ZfCTI	GBwO-b,74ZfCTC%GBwO-b,74ZfCTC.GBwO-b64rTUfaGBwO-b64rTUf%GBwO-b64rTUfdGBwO-b64rTUf.GBwO-bwgyy_bwy6TfCGBwO-b(;,Or74ZTfCGBwO-b074ZfCTfGB
%R^D{g20CP+L<R?RcmD{g20CP+L<R?R^mD{g20CP+L<R?RRmD{g20CP+L<R?RXmD{g20CP+L<R?R<mD{g20CP+L<R?<<mD{g20CP+L<R?<XmD{g20CP+L<R?<RmD{g20CP+L<R?<^mD{g20CP+L<R?<cmD{g20CP+L<R?XcmD{g20CP+L<R?X^mD{g20CP+L<R?XRmD{g20CP+L<R?XXmD{g20CP+L<R?X<mD{g20IP+L<X?&RmD{g20IP+L<X?&>mD{g20IP+L<X?&^mD{g20IP+L<X?X<mD{g20IP+L<X?XRmD{g20IP+L<X?XMmD{g20IP+L<X?M-mD{g20IP+L<X?M>mD{g20IP+L<X?MXmD{g20IP+L<X?M<mD{g20IP+L<X?X^mD{g20IP+L<X?X>mD{g20=+/?&&ZmD{g20=+/?&&<mD{g20=+/?&&&mD{g20=+/?&&XmD{g20=+/{P+L?&-mD{g20`"(Nll:,PL`ix<@e2B0VKL`Pwix
x"lm9.,o3a&_RN[R^Xm9.,o3a&_RN[R"Xm9.,o3a&_RN[RHXm9.,o3a&_RN[RNXm9.,o3a&_RN[RlXm9.,o3a&_RN[JlXm9.,o3a&_RN[JNXm9.,o3a&_RN[JHXm9.,o3a&_RN[J"Xm9.,o3a&_RN[J^Xm9.,o3a&_RN[ ^Xm9.,o3a&_RN[ "Xm9.,o3a&_RN[ HXm9.,o3a&_RN[ NXm9.,o3a&_RN[ lXm9.,oFa&_RH[lXm9.,oFa&_RH[NXm9.,oFa&_RH[HXm9.,oFa&_RH["Xm9.,oFa&_RH[ZXm9.,oFa&_RH[GXm9.,oFa&_RH[NRXm9.,oFa&_RH[NlXm9.,oFa&_RH[RZXm9.,oFa&_RH[R"Xm9.,oFa&_RH[RHXm9.,oFa&_RH[RNXm9.,o+&@[NN^Xm9.,o+&@[NN"Xm9.,o+&@[NN Xm9.,o+&@[NNHXm9.,o+&@9a&_[NGXm9.,o	=M59a&_[RHXm9.,o>a&_RH[lXm
3fBM.)6i*n!XBmcB:UM.)6i*n!XBmcB5UM.)6i*n!XBmcB;UM.)6i*n!XBmcByUM.)6i*n!XBmcBBUM.)6i*n!XBmcyBUM.)6i*n!XBmcyyUM.)6i*n!XBmcy;UM.)6i*n!XBmcy5UM.)6i*n!XBmcy:UM.)6i*n!XBmc;:UM.)6i*n!XBmc;5UM.)6i*n!XBmc;;UM.)6i*n!XBmc;yUM.)6i*n!XBmc;BUM.)6idn!XB	cBUM.)6idn!XB	cyUM.)6idn!XB	c;UM.)6idn!XB	c~UM.)6idn!XB	cBBUM.)6idn!XB	cB<UM.)6idn!XB	cmmUM.)6idn!XB	cmyUM.)6idn!XB	cB5UM.)6idn!XB	cB~UM.)6idn!XB	cB;UM.)6idn!XB	cByUM.)6iA!+cmm:UM.)6iA!+cmm5UM.)6iA!+cmy<UM.)6iA!+cmyBUMXXXXM.)6i.A\n!XcB	UMXXXXM
+NmXtcGZx]k1K|7K@HXtcGZx]k1K|7KNHXtcGZx]k1K|7KMHXtcGZx]k1K|7KmHXtcGZx]k1K|7K;HXtcGZx]k1K|7|;HXtcGZx]k1K|7|mHXtcGZx]k1K|7|MHXtcGZx]k1K|7|NHXtcGZx]k1K|7|@HXtcGZx]k1K|7B@HXtcGZx]k1K|7BNHXtcGZx]k1K|7BMHXtcGZx]k1K|7BmHXtcGZx]k1K|7B;HXtcGZU]k1KM7mMHXtcGZU]k1KM7mNHXtcGZU]k1KM7mCHXtcGZU]k1KM7|;HXtcGZU]k1KM7|mHXtcGZU]k1KM7||HXtcGZU]k1KM7MBHXtcGZU]k1KM7MMHXtcGZU]k1KM7MmHXtcGZU]k1KM7M;HXtcGZU]k1KM7|CHXtcGZU]k1KM7|NHXtcGZfkP7m|BHXtcGZfkP7m|MHXtcGZfkP7m||HXtcGZfkP7m|mHXtcGZtyxxaZtxf7KMHXtcGZ",UcP]k17KMHXtcGZb]k1KM7KHX
;R"IVZhQL%b!^"z^@EIVZhQL%b!^"z^lEIVZhQL%b!^"z^7EIVZhQL%b!^"z^"EIVZhQL%b!^"z^^EIVZhQL%b!^"z"^EIVZhQL%b!^"z""EIVZhQL%b!^"z"7EIVZhQL%b!^"z"lEIVZhQL%b!^"z"@EIVZhQL%b!^"z7@EIVZhQL%b!^"z7lEIVZhQL%b!^"z77EIVZhQL%b!^"z7"EIVZhQL%b!^"z7^EIVZhQ %b!^-z<7EIVZhQ %b!^-z<AEIVZhQ %b!^-z<lEIVZhQ %b!^-z"^EIVZhQ %b!^-z"7EIVZhQ %b!^-z"-EIVZhQ %b!^-z-REIVZhQ %b!^-z-AEIVZhQ %b!^-z-"EIVZhQ %b!^-z-^EIVZhQ %b!^-z"lEIVZhQ %b!^-z"AEIVZhQ`byz<"REIVZhQ`byz<"AEIVZhQ`byz<"@EIVZhQ`byz<"lEIVZhQ`byV%b!z<@EIVZhQ3g6FrrNXuSt",f <ib8G/Stu=",
:r1H0-(At2nYz1@1g<H0-(At2nYz1@1r<H0-(At2nYz1@11<H0-(At2nYz1@1s<H0-(At2nYz1@1+<H0-(At2nYz1@+<H0-(At2nYz1@s<H0-(At2nYz1@1<H0-(At2nYz1@r<H0-(At2nYz1@g<H0-(At2nYz1@sg<H0-(At2nYz1@sr<H0-(At2nYz1@s1<H0-(At2nYz1@ss<H0-(At2nYz1@s+<H0-(A~2nYz&@+<H0-(A~2nYz&@s<H0-(A~2nYz&@1<H0-(A~2nYz&@r<H0-(A~2nYz&@f<H0-(A~2nYz&@e<H0-(A~2nYz&@sz<H0-(A~2nYz&@s+<H0-(A~2nYz&@zf<H0-(A~2nYz&@zr<H0-(A~2nYz&@z1<H0-(A~2nYz&@zs<H0-(APn[@s1!<H0-(APn[@s1s<H0-(APn[@s1z<H0-(APn[@s1+<H0-(APn[02nY@!z<H0-(Aq_W\02nY@z&<H0-(A.2nYz&@+<H
Q#v%M<j9eq["SO]Ou4%M<j9eq["SO]O	4%M<j9eq["SO]Ov4%M<j9eq["SO]Of4%M<j9eq["SO]OS4%M<j9eq["SO]S4%M<j9eq["SO]f4%M<j9eq["SO]v4%M<j9eq["SO]	4%M<j9eq["SO]u4%M<j9eq["SO]}u4%M<j9eq["SO]}	4%M<j9eq["SO]}v4%M<j9eq["SO]}f4%M<j9eq["SO]}S4%M<j9Dq["Sv]S4%M<j9Dq["Sv]f4%M<j9Dq["Sv]v4%M<j9Dq["Sv]i4%M<j9Dq["Sv]SS4%M<j9Dq["Sv]S&4%M<j9Dq["Sv]}}4%M<j9Dq["Sv]}f4%M<j9Dq["Sv]S	4%M<j9Dq["Sv]Si4%M<j9Dq["Sv]Sv4%M<j9Dq["Sv]Sf4%M<j9A[a]}OO4%M<j9A[a]}Ov4%M<j9A[a]}O#4%M<j9A[a]}Oi4%""""%M<j9MAxq["]Sv4%""""%
laa* kbAM7c-{:Pi9e* kbAM7c-{:Piae* kbAM7c-{:Piie* kbAM7c-{:PiCe* kbAM7c-{:Pi,e* kbAM7c-{:P,e* kbAM7c-{:PCe* kbAM7c-{:Pie* kbAM7c-{:Pae* kbAM7c-{:P9e* kbAM7c-{:PC9e* kbAM7c-{:PCae* kbAM7c-{:PCie* kbAM7c-{:PCCe* kbAM7c-{:PC,e* kbAG7c-{:PCie* kbAG7c-{:PCae* kbAG7c-{:PC~e* kbAG7c-{:P|,e* kbAG7c-{:P|Ce* kbAG7c-{:P||e* kbAG7c-{:Pi:e* kbAG7c-{:Piie* kbAG7c-{:PiCe* kbAG7c-{:Pi,e* kbAG7c-{:P|~e* kbAG7c-{:P|ae* kbAfcJPC:{e* kbAfcJPC:,e* kbAfcJPCi(e* kbAfcJPCi~e* kbA sMM6A MfP{:e* kbA"FGkJ7c-P{:e* kbA+7c-{:P{e*
"g,[{)^yR8	Gw]cvXD[{)^yR8	Gw]cvxD[{)^yR8	Gw]cv]D[{)^yR8	Gw]cv!D[{)^yR8	Gw]cvwD[{)^yR8	Gw]cwD[{)^yR8	Gw]c!D[{)^yR8	Gw]c]D[{)^yR8	Gw]cxD[{)^yR8	Gw]cXD[{)^yR8	Gw]ckXD[{)^yR8	Gw]ckxD[{)^yR8	Gw]ck]D[{)^yR8	Gw]ck!D[{)^yR8	Gw]ckwD[{)^yA8	Gw]ck]D[{)^yA8	Gw]ck,D[{)^yA8	Gw]ckxD[{)^yA8	Gw]c!wD[{)^yA8	Gw]c!]D[{)^yA8	Gw]c!vD[{)^yA8	Gw]cvgD[{)^yA8	Gw]cv,D[{)^yA8	Gw]cv!D[{)^yA8	Gw]cvwD[{)^yA8	Gw]c!xD[{)^yA8	Gw]c!,D[{)^y|	?ck]kD[{)^y|	?ck]!D[{)^y|	?ck]vD[{)^y|	?ck]]D[{)^y|	?{8	Gc!_D[{)^y> 'N::PCe3wO}*"2KU.ho3wenO}
